boardgame,release_year,min_players,max_players,min_playtime,max_playtime,minimum_age,num_ratings,complexity,wishlisted,total_plays,fans,amazon_price,comments,avg_rating
1775: Rebellion,2013,2,4,60,120,10,4404,2.33,1980,9601,362,80,1245,7.635
1830: Railways & Robber Barons,1986,2,7,180,360,14,5880,4.17,1670,17139,442,58.77,1894,7.865
1846: The Race for the Midwest,2005,3,5,120,240,14,3122,4,852,19822,203,63.85,895,7.89
1862: Railway Mania in the Eastern Counties,2013,1,8,120,300,14,1320,4.59,592,6508,172,74.03,450,8.171
1989: Dawn of Freedom,2012,2,2,150,150,12,2432,3.29,1118,4868,276,56.88,797,7.758
20 Strong,2023,1,1,30,40,14,2491,2.36,1419,15294,470,25.95,546,7.424
3 Ring Circus,2023,1,4,45,75,12,2561,2.7,1097,7550,308,32,405,7.199
7 Wonders,2010,2,7,30,30,10,109771,2.31,14516,639978,7500,46.05,16965,7.669
7 Wonders (Second Edition),2020,3,7,30,30,10,10370,2.3,2013,48366,747,46.05,1239,7.831
7 Wonders: Architects,2021,2,7,25,25,8,12477,1.37,2711,160194,601,43.9,1949,7.037
878 Vikings: Invasions of England,2017,2,4,60,120,12,3704,2.61,2246,6449,381,80,963,7.49
A Fake Artist Goes to New York,2011,5,10,20,20,8,9824,1.1,3274,45812,421,48.03,1775,7.118
A Game of Thrones,2003,3,5,180,180,12,10706,3.45,1104,11841,492,51.91,2715,7.167
A Game of Thrones: The Board Game (Second Edition),2011,3,6,120,240,14,36123,3.73,5826,40937,3157,51.91,5369,7.532
A Game of Thrones: The Card Game,2008,2,4,60,120,12,6340,3.25,470,23404,543,29.95,1461,6.803
A Game of Thrones: The Card Game (Second Edition),2015,2,4,60,120,14,5097,3.53,859,42327,497,44.68,957,7.493
A Gentle Rain,2021,1,1,15,15,8,2239,1.12,1516,33466,386,30.99,516,7.647
A Gest of Robin Hood,2024,2,2,45,90,12,1529,3,2085,5896,495,65.64,390,7.727
A Touch of Evil: The Supernatural Game,2008,2,8,60,120,12,4759,2.56,1041,9634,588,67.99,1296,6.984
A War of Whispers,2019,2,4,30,60,14,4896,2.57,2994,8770,434,50,914,7.289
Abandon All Artichokes,2020,2,4,20,20,10,6007,1.26,874,74034,164,21.99,1051,6.582
Above and Below,2015,2,4,90,90,13,16787,2.52,5417,37369,1167,50.36,3278,7.351
Abyss,2014,2,4,30,60,14,16087,2.32,4034,50868,856,44.75,2805,7.327
Acquire,1964,2,6,90,90,12,21519,2.49,3489,47899,970,35,6527,7.351
Adrenaline,2016,3,5,30,60,12,7075,2.37,1513,14657,276,59.99,1468,6.981
Adventure Games: The Dungeon,2019,1,4,90,90,12,2718,1.67,571,6176,88,24.12,610,6.925
Adventure Land,2015,2,4,45,45,10,2863,1.82,889,7161,101,29.95,777,6.89
Aeon Trespass: Odyssey,2022,1,4,90,90,12,2574,4.75,2383,17140,2469,599.99,894,9.013
Aeon's End,2016,1,4,60,60,14,22879,2.81,8407,130005,2455,51.17,3561,7.876
Aeon's End: Legacy,2019,1,4,45,90,14,5631,2.84,2568,31871,548,86.26,1106,8.056
Aeon's End: The New Age,2019,1,4,60,60,14,3143,2.93,1280,17408,376,59.99,662,8.504
Aeon's End: War Eternal,2017,1,4,60,60,14,6365,2.93,1430,22879,511,42.33,1070,8.239
Aerion,2019,1,2,15,15,10,1974,1.97,1009,9365,189,23.49,496,7.289
After the Empire,2021,2,4,60,120,13,1967,3.13,1303,4394,260,69.27,504,7.437
After the Virus,2017,1,3,30,90,10,2394,2.35,804,45639,247,23.19,555,7.311
Aftermath,2019,1,4,60,120,14,2050,2.86,2042,8261,427,49.99,541,7.483
Age of Empires III: The Age of Discovery,2007,2,5,90,120,10,10421,3.12,2277,22530,491,219.95,2683,7.505
Age of Innovation,2023,1,5,40,200,14,7097,4.26,4068,23254,1142,89.99,997,8.519
Age of Steam,2002,1,6,120,120,13,12184,3.86,3228,46595,786,87.99,3296,7.862
Agemonia,2024,1,4,60,120,10,1121,3.32,2415,6991,822,492.06,405,8.945
Agricola,2007,1,5,30,150,12,75296,3.63,12759,287734,6825,57.19,14075,7.864
Agricola (Revised Edition),2016,1,4,30,120,12,20081,3.44,3920,66565,1235,55.25,2603,7.955
Agricola: All Creatures Big and Small,2012,2,2,30,30,13,14100,2.35,2953,47723,548,42.8,3028,7.328
Air. Land. & Sea: Spies. Lies. & Supplies,2022,2,4,15,30,14,1410,1.79,923,2674,158,19.99,355,7.794
Akropolis,2022,1,4,20,30,8,9203,1.8,2708,76114,633,29.99,1279,7.462
Alchemists,2014,2,4,120,120,12,23869,3.92,5823,49035,1367,59.99,3634,7.639
Alien Frontiers,2010,2,4,90,90,13,15466,2.57,3780,43182,1045,82.49,3812,7.347
ALIEN: Fate of the Nostromo,2021,1,5,45,60,10,2984,1.94,1187,7062,459,27.99,698,7.064
Alma Mater,2020,2,4,90,150,12,3385,3.75,1082,7750,262,19.99,711,7.283
Altiplano,2017,2,5,60,120,12,9496,3.29,2205,29167,371,102.52,1655,7.438
Among the Stars,2012,2,4,30,30,12,7338,2.24,1857,16951,393,38.91,1987,7.019
Amun-Re,2003,3,5,90,90,12,9502,3.03,1666,26429,234,39.95,2921,7.284
Ancient Knowledge,2023,2,4,75,75,12,3218,2.74,1538,11419,306,44.57,585,7.139
Andromeda's Edge,2024,2,4,80,160,14,4477,3.71,3772,12718,1347,364.99,1032,8.326
Animal Upon Animal,2005,2,4,15,15,4,8935,1.04,1128,59286,193,24.99,2581,6.77
Ankh: Gods of Egypt,2021,2,5,90,90,14,10887,3.12,4035,22779,1467,99.83,2024,7.752
Anomia,2010,3,6,30,30,10,5570,1.04,1096,20254,179,15.75,1234,6.695
Apiary,2023,1,5,60,90,14,7706,3,4182,30925,1070,75,1264,7.726
Aquatica,2019,1,4,30,60,12,7739,2.31,3807,26768,567,46.14,1344,7.364
Arboretum,2015,2,4,30,30,8,22793,2.12,6106,87310,1034,25.99,4597,7.259
Arcadia Quest: Inferno,2017,2,4,60,120,13,2450,2.46,633,5337,339,112.31,646,7.859
Archaeology: The New Expedition,2016,2,5,20,30,10,4519,1.27,1695,20187,202,149.95,974,7.121
Architects of the West Kingdom,2018,1,5,60,80,12,31434,2.76,7507,115813,2122,52.5,4539,7.715
Arcs,2024,2,4,60,120,14,12182,3.42,9234,33907,3620,56.46,2287,8.066
Aristeia!,2017,2,2,60,90,14,1172,2.98,534,5711,221,48.95,257,8.133
Ark Nova,2021,1,4,90,150,14,54528,3.79,16121,528979,7465,71.81,7213,8.539
Arkham Horror,2005,1,8,120,240,14,40126,3.59,5089,82857,5374,129.98,9081,7.238
Arkham Horror (Third Edition),2018,1,6,120,180,14,10449,3.37,3440,29653,1330,75.98,1614,7.683
Arkham Horror: The Card Game,2016,1,2,60,120,14,46246,3.56,11164,347171,6156,48.99,7148,8.126
Arkham Horror: The Card Game  Revised Core Set,2021,1,4,45,180,14,4515,3.76,1499,27990,724,47.96,610,8.612
Art Society,2023,2,4,30,60,10,2926,1.85,2107,9183,500,40.36,487,7.515
Assassin's Creed: Brotherhood of Venice,2021,1,4,30,90,12,1305,3.13,1098,9151,803,54.9,427,8.149
Astro Knights,2023,1,4,45,45,14,1192,2.73,1016,7304,288,49.54,330,7.797
Atiwa,2022,1,4,30,120,12,2972,2.73,1348,11109,263,50.49,572,7.464
Atlantis Rising (Second Edition),2019,1,7,60,120,10,5097,2.46,3351,10967,453,74.99,1197,7.497
AuZtralia,2018,1,4,30,120,13,5143,2.89,1756,14952,547,55.36,1144,7.337
Awkward Guests: The Walton Case,2016,1,8,45,75,12,9142,2.32,3253,32811,674,41.99,1569,7.553
Axis & Allies,2004,2,5,240,240,12,6136,3.22,347,5796,230,119.95,1559,6.692
Axis & Allies: Europe 1940,2010,2,6,360,360,12,2414,3.49,569,2432,350,84.99,529,7.571
Axis & Allies: Pacific 1940,2009,2,4,360,360,12,2092,3.57,475,1740,260,136.99,469,7.526
Azul,2017,2,4,30,45,8,101682,1.77,15351,817173,5937,34.97,12660,7.726
Azul: Queen's Garden,2021,2,4,45,60,10,5784,2.93,1935,34874,405,44.99,882,7.454
Azul: Stained Glass of Sintra,2018,2,4,30,45,8,14511,2.01,3055,56427,537,27.99,1983,7.291
Azul: Summer Pavilion,2019,2,4,30,45,8,18287,2.07,3626,80684,714,31.99,2385,7.58
Bärenpark,2017,2,4,30,45,8,20326,1.66,4349,101618,704,44.99,3140,7.281
Babylonia,2019,2,4,60,60,14,3221,2.39,1850,11853,288,44.95,819,7.651
Back to the Future: Back in Time,2020,2,4,50,50,10,3287,2.38,1127,7865,336,27.99,698,7.189
Backgammon,1600,2,2,30,30,8,14894,2.01,377,156039,455,11.4,3696,6.573
Bad Company,2021,1,6,30,30,8,3257,1.92,2241,10976,286,48.39,571,7.246
BANG! The Dice Game,2013,3,8,15,15,8,25677,1.28,3150,121656,731,18.93,4600,6.886
Barrage,2019,1,4,90,180,14,20213,4.12,7094,72799,1848,199.99,2864,8.145
Battle Cry,1999,2,2,45,45,10,3550,2.1,551,8231,199,192.96,1431,7.173
Battle Line,2000,2,2,30,30,12,18031,1.89,2974,102686,678,24.92,5097,7.415
Battles of Westeros,2010,2,2,60,120,12,3059,3.21,841,5025,407,99,862,7.234
Beacon Patrol,2023,1,4,30,30,8,2037,1.4,1133,13080,261,19.95,410,7.136
Beast,2023,2,4,60,120,14,3808,3.05,2735,8400,980,49.99,720,7.474
Beer & Bread,2022,2,2,30,45,10,5912,2.33,2720,23033,576,29.95,870,7.36
Betrayal at House on the Hill,2004,3,6,60,60,12,48656,2.4,6875,89030,3270,59.99,9901,7.016
Betrayal at House on the Hill: 3rd Edition,2022,3,6,60,60,12,3392,2.42,1447,7859,404,46.84,585,7.308
Betrayal Legacy,2018,3,5,45,90,12,5190,2.9,3205,27038,476,164,1039,7.664
Beyond Balderdash,1993,2,6,45,45,10,3322,1.47,337,4117,71,44,1009,6.828
Beyond the Sun,2020,2,4,60,120,14,16615,3.14,6562,67587,1109,67.84,2264,7.878
Bios: Megafauna (Second Edition),2017,1,4,90,180,12,1392,4.5,899,3308,214,83.29,482,7.563
Bios: Origins (Second Edition),2019,1,4,120,240,14,1281,4.19,1089,3090,231,82.99,372,7.738
Bites,2020,2,5,20,20,12,2091,1.46,600,10067,126,44,520,7.095
Bitoku,2021,1,4,120,120,12,7297,3.76,3676,21330,974,49.95,1170,7.793
Black Angel,2019,1,4,60,120,12,5155,3.86,2234,12164,466,74.99,1083,7.202
Black Forest,2024,1,4,60,120,14,2212,3.17,2603,7285,614,59.95,411,7.598
Black Orchestra,2016,1,5,90,90,14,7061,2.42,3147,16871,642,60,1567,7.496
Black Rose Wars,2019,2,4,90,90,14,4190,3.44,1759,9702,3591,129.99,775,7.914
Black Rose Wars: Rebirth,2023,1,4,90,240,14,1732,3.68,838,5194,2228,234.99,397,8.446
Blackout: Hong Kong,2018,1,4,75,150,14,6269,3.47,1501,19057,334,61.97,1175,7.402
Blokus,2000,2,4,20,20,7,28764,1.74,1934,85443,656,29.98,6029,6.862
Blokus Duo,2005,2,2,10,20,5,6000,1.68,415,28637,104,38.2,1731,6.832
Blokus Trigon,2006,2,4,20,20,7,3329,1.92,324,8789,70,33.99,943,6.889
Blood Rage,2015,2,4,60,90,14,50172,2.88,13905,111089,4037,89.99,7382,7.908
Bloodborne: The Board Game,2021,1,4,45,75,14,4099,3.08,2064,14645,945,105.59,904,7.741
Bloodborne: The Card Game,2016,3,5,30,45,14,4102,2.05,838,8034,253,38.51,760,6.856
Blue Moon,2004,2,2,30,30,12,5824,2.17,888,26576,189,74,2033,6.684
Blue Moon City,2006,2,4,30,50,14,8871,2.29,1861,23165,243,29.99,2614,7.036
Bohnanza,1997,2,7,45,45,12,49610,1.67,3849,173922,1408,19.99,10156,7.074
Bomb Busters,2024,2,5,30,30,10,5452,1.95,4622,101675,881,39.4,779,8.046
Bonfire,2020,1,4,70,100,12,7252,3.62,1934,24193,439,60,1149,7.617
Bonsai,2023,1,4,40,40,10,3215,1.8,1570,20324,347,24.49,528,7.191
boop.,2022,2,2,20,30,10,4299,1.39,1966,32226,361,24.45,764,7.062
Bot Factory,2023,1,4,30,60,14,1836,2.73,1099,5862,260,64.99,396,7.379
Box One,2020,1,1,180,240,14,1311,1.96,504,1562,85,46.88,328,7.72
Brass: Birmingham,2018,2,4,60,120,14,53548,3.87,20334,152594,6726,69.95,7358,8.575
Brass: Lancashire,2007,2,4,60,120,14,26390,3.85,6241,80344,2181,69.6,5380,8.198
Brazil: Imperial,2021,1,4,100,100,14,3661,2.99,1456,9744,460,36.95,608,7.536
Brew,2021,2,4,45,90,10,4276,2.44,1680,9675,381,29.95,706,7.043
Brian Boru: High King of Ireland,2021,3,5,60,90,14,4454,2.55,1782,11461,311,39.99,765,7.481
Bruxelles 1897,2019,2,4,40,60,10,2179,2.85,832,4333,135,21.95,531,7.142
Bullet,2022,1,4,15,15,13,1210,2.1,718,5435,154,49.99,246,7.945
Bullet♥︎,2021,1,4,10,20,13,4266,2.15,1785,29639,437,49.99,834,7.615
Bunny Kingdom,2017,2,4,40,60,12,14235,2.3,4454,68582,731,44.89,2324,7.416
Bus,1999,3,5,120,120,14,4743,3.04,2410,13985,372,85,1185,7.688
Butterfly Garden,2012,2,4,30,30,8,3690,1.47,1151,14522,154,26.99,976,6.855
Ca$h 'n Gun$,2005,4,6,30,30,10,10393,1.28,1317,32539,224,39.99,2707,6.549
Ca$h 'n Guns: Second Edition,2014,4,8,30,30,10,16129,1.25,2458,37805,377,39.99,2640,6.813
Cóatl,2020,1,4,30,60,10,3127,2.02,929,9012,203,39.12,526,6.88
Caesar!: Seize Rome in 20 Minutes!,2021,1,2,20,20,14,3737,1.93,2549,16672,341,29.95,665,7.527
Café,2020,1,4,20,45,8,3905,2.06,1323,20628,269,37.84,707,7.181
Calico,2020,1,4,30,45,10,21947,2.19,6261,113861,1640,39.99,3291,7.5
Calimala,2017,2,5,75,75,10,2755,2.78,1187,7764,209,49.99,669,7.255
Call to Adventure,2019,1,4,30,60,13,6807,2.01,2071,18208,591,39.92,1381,7.061
Camel Up,2014,2,8,20,30,8,28463,1.5,3246,103196,848,28.99,4378,7.032
Camel Up (Second Edition),2018,3,8,30,45,8,16082,1.5,4558,57868,949,28.99,2252,7.559
Canopy,2021,1,4,30,30,8,3782,2.02,1828,14725,436,34.49,795,7.265
Cantaloop: Book 1  Breaking into Prison,2020,1,2,300,720,16,1470,2.05,677,4445,80,22.5,287,7.395
Canvas,2021,1,5,30,30,10,14858,1.72,4347,61024,2010,29.99,2554,7.21
Caper: Europe,2022,2,2,25,35,10,5275,2.1,3101,20629,503,34.99,939,7.658
Captain Flip,2024,2,5,20,20,8,5382,1.19,1730,121903,387,48.47,799,7.135
Carcassonne,2000,2,5,30,45,7,134900,1.89,10366,707508,8370,30.99,22770,7.413
Carcassonne: Hunters and Gatherers,2002,2,5,35,40,8,13517,1.92,1504,49743,366,58,3575,7.136
Carnegie,2022,1,4,90,120,12,11008,3.81,3654,41867,1381,56.62,1685,7.982
Carnival of Monsters,2019,2,5,45,45,12,3036,2.13,979,14724,200,20,494,7.222
Carpe Diem,2018,2,4,45,75,10,8415,2.52,1817,37026,352,17.99,1621,7.501
Carson City,2009,2,5,90,90,12,7443,3.18,2007,17807,379,99.99,1840,7.205
Cartagena,2000,2,5,45,45,8,8096,1.6,906,30444,122,19.24,2331,6.683
Cartographers,2019,1,100,30,45,10,33894,1.87,6309,266395,1840,24.95,4416,7.569
Cartographers Heroes,2021,1,100,30,45,10,5360,1.99,1155,22530,348,27,827,7.736
Cascadero,2024,2,4,45,60,14,1610,2.6,1209,4776,260,54,397,7.304
Cascadia,2021,1,4,30,45,10,49310,1.85,14360,313960,4763,37.77,6169,7.913
Castle Combo,2024,2,5,10,25,10,7496,1.73,3628,94719,849,20.83,1032,7.631
Castle Panic,2009,1,6,30,60,8,16894,1.66,2647,48241,925,32.98,4091,6.657
Castles of Mad King Ludwig,2014,1,4,90,90,13,26954,2.65,6705,91897,1212,67.33,4528,7.507
Cat in the Box: Deluxe Edition,2022,2,5,20,40,13,11374,2.04,3301,49328,746,28.86,1787,7.472
Cat Lady,2017,2,4,15,30,8,6814,1.38,1423,38327,350,23.3,1353,6.991
Caylus,2005,2,5,60,150,12,29656,3.79,5442,69921,1394,124.99,6494,7.708
Caylus 1303,2019,2,5,60,90,12,3506,2.87,1219,7130,190,29.67,675,7.422
Century: Eastern Wonders,2018,2,4,30,45,8,7848,2.1,1473,19584,276,28.49,1309,7.109
Century: Golem Edition,2017,2,5,30,45,8,13507,1.71,3995,65397,789,38.98,2214,7.583
Century: Golem Edition  An Endless World,2020,2,4,30,45,8,1700,2.13,690,4452,83,39.99,370,7.499
Century: Golem Edition  Eastern Mountains,2019,2,4,30,45,10,1959,2.14,673,4554,110,30.99,381,7.324
Century: Spice Road,2017,2,5,30,45,8,26963,1.8,4577,128258,1040,39.99,4080,7.296
Cerebria: The Inside World,2018,1,4,60,120,14,2869,4.34,1602,5687,704,44.99,728,7.716
Challengers!,2022,1,8,45,45,8,7179,1.8,1880,63982,466,36.98,1048,7.082
Champions of Midgard,2015,2,4,60,90,10,18357,2.62,5310,44863,1053,49.99,3201,7.71
Charterstone,2017,1,6,45,75,14,15121,2.85,4919,93446,1185,80,2928,7.186
Chess,1475,2,2,3,1200,6,39018,3.65,466,285209,1412,17.19,8058,7.23
Chronicles of Avel,2021,1,4,60,60,8,2677,1.96,1759,10717,455,38.49,524,7.524
Chronicles of Crime,2018,1,4,60,90,12,24099,2.06,4873,54085,1849,25,4187,7.55
Chronicles of Crime: 1400,2020,1,4,60,90,12,4233,1.99,1068,8808,375,27,833,7.692
Churchill,2015,1,3,60,300,14,3334,3.39,1728,6446,350,85.77,871,7.674
Circadians: Chaos Order,2022,2,5,120,240,12,1124,3.84,830,2483,224,43,276,7.929
Circadians: First Light,2019,1,4,60,90,12,3414,3.4,1493,10619,296,66.81,778,7.533
Citadels,2016,2,8,30,60,10,16142,2.06,3212,32059,836,32.99,2220,7.241
Citadels,2000,2,8,20,60,10,56308,2.05,3640,127489,2019,32.99,10795,7.056
Cities,2024,2,4,45,45,14,3381,1.92,1535,16872,383,28.41,514,7.381
Civilization,1980,2,7,360,360,12,7630,3.64,1048,5653,439,130,2419,7.493
Civilization: A New Dawn,2017,2,4,60,120,14,7452,3.19,2432,15909,521,54.99,1369,7.247
Civolution,2024,1,4,90,180,14,3977,4.21,4291,16156,1053,94.98,787,8.193
Clank! In! Space!: A Deck-Building Adventure,2017,2,4,45,90,12,15557,2.58,3642,47035,721,93.94,2168,7.769
Clank! Legacy: Acquisitions Incorporated,2019,2,4,90,120,13,10679,2.74,6536,62938,1079,100,1645,8.511
Clank!: Catacombs,2022,2,4,45,90,13,10545,2.5,5632,40883,1259,66,1449,8.25
Clash of Cultures: Monumental Edition,2021,2,4,180,240,14,4677,3.72,2388,11712,673,145.38,688,8.284
Clever 4Ever,2022,1,4,30,30,14,1947,2.37,461,20152,98,27.99,310,7.649
Clever Cubed,2020,1,4,30,30,14,3623,2.39,603,39537,122,24.07,594,7.481
Clinic: Deluxe Edition,2019,1,4,60,150,14,2981,4,1133,8170,326,74.99,647,7.588
CloudAge,2020,1,4,60,100,10,2742,2.84,1469,9362,293,58.45,593,7.192
Cockroach Poker,2004,2,6,20,20,8,15355,1.1,2130,71607,455,53.97,2950,6.805
Codenames,2015,2,8,15,15,10,99421,1.26,7596,632713,3241,19.94,12971,7.532
Codenames: Duet,2017,2,2,15,30,11,25363,1.35,3532,185716,722,32.58,3678,7.418
Codenames: Pictures,2016,2,8,15,15,10,24284,1.24,2092,108900,496,24.95,3483,7.181
Coffee Roaster,2015,1,1,10,30,12,4006,2.18,2697,21951,415,40.24,942,7.329
Coffee Rush,2023,2,4,30,30,8,3629,1.81,1589,21278,475,39.94,481,7.122
Coffee Traders,2021,2,5,120,150,12,2372,4.25,1426,5678,320,58,453,7.706
Coimbra,2018,2,4,60,90,14,12608,3.25,3588,34358,651,47.96,1906,7.606
Coloretto,2003,2,5,30,30,8,22264,1.27,2155,167624,478,15.53,5218,6.982
Colosseum,2007,3,5,60,90,10,9175,2.76,2498,18284,371,128.9,2500,7.2
Colt Express,2014,2,6,40,40,10,34215,1.83,4505,109928,1205,37.66,5115,7.096
Come Sail Away!,2023,1,4,25,25,10,1438,2.12,1327,7390,219,44.98,275,7.762
Comic Hunters,2020,1,4,60,60,14,2013,2.23,1399,6824,289,24.99,378,7.631
Concept,2013,4,12,40,40,10,21470,1.38,2795,57585,488,44.99,3336,6.749
Concordia,2013,2,5,100,100,13,43420,2.99,12179,144417,2698,52.47,6696,8.084
Concordia Venus,2018,2,6,60,120,12,7022,3.01,3031,18463,453,64.38,1170,8.264
Conspiracy: Abyss Universe,2019,2,4,30,30,8,3636,1.79,750,33148,171,57.11,630,7.196
Cosmic Encounter,1977,2,6,90,90,12,3980,2.37,497,5013,128,66.59,1697,6.919
Cosmic Encounter,2008,3,5,60,120,12,34247,2.58,9511,85567,2454,66.59,6760,7.509
Cosmic Encounter: 42nd Anniversary Edition,2018,3,5,60,120,14,1627,2.48,699,4518,185,66.59,288,8.144
Cosmic Frog,2020,2,6,45,90,13,1953,3.02,1878,4201,383,89.99,508,7.233
Cosmoctopus,2023,1,4,60,90,10,2083,2.21,1059,10331,516,29.88,447,7.197
Cosmolancer,1994,2,4,45,45,9,5145,1.83,692,12616,116,29.99,1635,6.683
Coup,2012,2,6,15,15,13,50187,1.41,4546,281810,2005,14.99,8442,6.977
Coup: Rebellion G54,2014,3,6,15,15,14,2942,1.93,588,12507,185,29.99,801,6.982
Courtisans,2024,2,5,20,30,8,3045,1.3,1845,18707,356,29.95,492,7.275
Creature Caravan,2024,1,4,60,90,8,1741,2.49,2298,5578,484,47.95,424,7.865
Creature Comforts,2022,1,5,45,45,8,6046,2.36,3255,19914,922,49,1109,7.443
Cribbage,1630,2,6,30,30,10,10730,1.9,407,136165,418,13.99,2626,7.11
Critter Kitchen,2025,1,5,60,60,12,1608,2.51,1702,5800,604,138.95,368,7.883
Crokinole,1876,2,4,30,30,8,20033,1.22,6710,240174,1055,108.99,3716,8.055
Crown of Emara,2018,1,4,45,75,12,4071,3.05,1124,11669,201,140.49,788,7.365
Crusaders: Thy Will Be Done,2018,2,4,40,60,14,5062,2.47,1355,17789,308,169.58,1037,7.472
Cry Havoc,2016,2,4,60,120,10,7045,3.29,1970,11239,431,29.99,1482,7.102
Cryptid,2018,3,5,30,50,10,16163,2.26,4906,81716,828,32.77,2219,7.437
Cthulhu Wars,2015,2,4,90,120,14,6641,3.15,3207,19030,1405,190.93,1340,7.841
Cthulhu: Death May Die Fear of the Unknown,2024,1,5,90,90,14,1122,2.66,644,4316,278,104.29,296,8.786
Cuba Libre,2013,1,4,180,180,14,3726,3.62,1870,8142,399,63.05,1027,7.66
CuBirds,2018,2,5,20,20,8,8405,1.33,1106,124448,352,19.95,1074,6.91
Cubitos,2021,2,4,30,60,10,10128,2.17,3696,40390,637,50.74,1539,7.383
Curious Cargo,2020,2,2,30,60,12,2621,3.18,1275,7884,182,27.22,555,7.01
Cyclades,2009,2,5,60,90,13,22387,2.82,6199,40406,1406,79.95,3923,7.495
Cyclades: Legendary Edition,2024,2,6,60,90,13,1744,2.89,1792,3941,792,74.99,472,8.17
Décorum,2022,2,4,30,45,13,2396,2.02,1875,16608,487,54.95,471,7.386
Darwin's Journey,2023,1,4,60,120,14,10467,3.9,4691,43869,1571,51,1555,8.116
Daybreak,2023,1,4,60,120,10,4824,2.85,3522,36405,749,54.99,955,7.684
DC Deck-Building Game: Heroes Unite,2014,2,5,45,45,15,2025,2.11,257,5966,161,53.01,362,7.4
D-Day at Omaha Beach,2009,1,1,120,480,12,2005,3.48,1964,4369,561,169.99,746,8.305
Dead Man's Draw,2014,2,4,15,15,13,6101,1.32,832,47480,278,20,1309,6.856
Dead Men Tell No Tales,2015,2,5,60,75,13,4172,2.55,2378,9011,351,50.05,987,7.098
Dead of Winter: The Long Night,2016,2,5,60,120,14,10325,3.35,2997,11844,628,49.99,1526,7.513
Deception: Murder in Hong Kong,2014,4,12,20,20,14,24275,1.58,7799,114303,1101,44.99,4144,7.431
Decrypto,2018,3,8,15,45,12,25669,1.83,7040,90272,1271,24.99,3581,7.767
Deep Regrets,2025,1,5,30,150,14,2085,2.38,3114,5955,1060,69.95,501,7.445
Descent: Journeys in the Dark,2005,2,5,120,240,13,11845,3.35,1690,22250,1132,189.99,3001,7.276
Descent: Journeys in the Dark (Second Edition),2012,1,5,120,120,14,25779,3.21,6545,74827,3432,189.99,4351,7.608
Descent: Legends of the Dark,2021,1,4,120,180,14,5468,2.7,2654,28066,1008,122.99,1125,7.916
Destinies,2021,1,3,90,150,14,9532,1.92,3320,24588,1307,32.49,1810,7.683
Detective: A Modern Crime Board Game,2018,1,5,120,180,16,11177,2.74,4075,23476,897,29.92,2027,7.624
Detective: City of Angels,2019,1,5,30,150,14,3273,2.38,3469,11658,523,134.6,846,7.88
Deus,2014,2,4,60,90,14,9541,2.83,2205,32904,370,30,1902,7.269
Diamant,2005,3,8,20,40,8,23114,1.12,4554,166123,458,37.99,6378,6.845
Dice City,2015,1,4,45,60,14,5410,2.02,1042,16050,201,48.59,1115,6.715
Dice Forge,2017,2,4,45,45,10,23616,1.97,4916,113420,1045,48.99,3332,7.218
Dice Miner,2021,1,4,20,30,10,2852,1.66,1523,20795,234,44.99,533,7.292
Dice Throne,2018,2,6,20,40,8,2930,2.14,1423,32575,468,279.99,452,7.613
Dice Throne: Season Two  Battle Chest,2018,2,6,20,40,8,5053,2.14,1547,18002,525,279.99,811,8.04
Dice Throne: Season Two  Cursed Pirate v. Artificer,2018,2,2,20,40,8,1241,2.63,204,1446,55,27.36,193,7.825
Dice Throne: Season Two  Gunslinger v. Samurai,2018,2,2,20,40,8,1781,2.19,218,3225,78,29.99,286,7.534
Dinosaur Island,2017,1,4,90,120,8,16830,3.04,4941,43010,1139,55.98,2988,7.542
Dinosaur Island: Rawr 'n Write,2021,1,4,30,45,10,4290,2.83,1426,17700,345,27.99,872,7.683
Dinosaur World,2021,2,4,60,120,10,4289,3.27,1697,9098,487,38.47,950,7.328
Diplomacy,1959,2,7,360,360,12,13699,3.33,2186,10729,849,29.99,4782,7.039
Disney Lorcana,2023,2,6,0,0,8,2990,2.12,509,97986,410,127.5,462,7.253
Disney Villainous: Evil Comes Prepared,2019,2,3,40,60,10,4783,2.32,1006,3476,260,31.99,665,7.502
Disney Villainous: Perfectly Wretched,2020,2,3,40,60,10,3671,2.3,991,2485,229,33.94,544,7.576
Disney Villainous: The Worst Takes it All,2018,2,6,45,120,10,21968,2.49,3201,67650,1232,29.99,3384,6.926
Disney Villainous: Wicked to the Core,2019,2,3,40,60,10,5078,2.37,1099,4035,274,31.99,671,7.504
Distilled,2023,1,5,30,150,14,7619,3.02,3737,38058,1008,67.92,1264,7.787
District Noir,2016,2,2,10,20,10,2444,1.31,683,16187,147,14.35,437,6.975
Dixit,2008,3,8,30,30,8,68748,1.19,7064,188134,2724,45,10408,7.189
Dixit: Journey,2012,3,6,30,30,8,4666,1.26,728,8771,108,34.99,798,7.391
Dog Park,2022,1,4,40,80,10,3685,2.17,1263,12956,802,184.99,727,6.906
Dominant Species,2010,2,6,120,240,14,22033,4.04,7359,37674,1606,76.16,4553,7.804
Dominant Species: Marine,2021,2,4,90,150,14,2716,3.69,1720,5977,327,75.39,592,7.889
Dominion,2008,2,4,30,30,13,94566,2.35,10377,863239,7470,39.56,15454,7.598
Dominion (Second Edition),2016,2,4,30,30,14,11816,2.18,2230,79627,606,39.56,1416,7.827
Dominion: Intrigue,2009,2,6,30,30,13,34342,2.41,3204,108058,1204,33.89,4615,7.689
DOOM: The Board Game,2016,2,5,120,180,14,2227,2.98,1184,3504,327,89.99,521,7.37
Doomtown: Reloaded,2014,2,4,30,30,12,2368,3.61,658,9898,529,39.99,821,7.105
Dorfromantik: The Board Game,2022,1,6,30,60,8,9222,1.62,3989,104606,1071,44.42,1364,7.616
Dragomino,2020,2,4,15,15,5,2814,1.07,784,28504,124,24.99,594,7.051
Dragon Castle,2017,1,4,30,45,8,8149,2,2016,31624,358,73.36,1333,7.108
Dream Home,2016,2,4,30,30,7,7598,1.66,1330,34296,255,32.99,1318,6.861
Drop It,2018,2,4,30,30,8,3113,1.09,513,27055,77,34.4,594,6.884
Dune: Imperium,2020,1,4,60,120,14,53995,3.07,14792,210763,6400,51.98,7075,8.418
Dune: Imperium  Uprising,2023,1,6,60,120,13,13487,3.51,6566,39729,2323,56.4,1789,8.707
Dune: War for Arrakis,2024,1,4,120,120,14,3214,3.64,3119,7317,1070,106.93,663,8.495
Dungeon Fighter,2011,1,6,45,60,14,7044,1.76,1479,17419,312,47.19,1224,6.79
Dungeon Fighter: Second Edition,2021,1,6,45,60,8,1612,1.78,685,5436,125,47.19,212,7.401
Dungeon Petz,2011,2,4,90,90,13,15382,3.63,4252,30110,716,59.99,2867,7.387
Dungeons & Dragons: Castle Ravenloft Board Game,2010,1,5,60,60,12,9449,2.5,2309,23171,1300,73,2276,6.98
Dungeons & Dragons: Temple of Elemental Evil Board Game,2015,1,5,60,60,14,2066,2.45,1268,5655,404,74.24,450,7.359
Dungeons & Dragons: Wrath of Ashardalon Board Game,2011,1,5,60,60,12,6833,2.59,1923,12395,971,50,1514,7.093
Dungeons. Dice & Danger,2022,1,4,45,60,12,2762,1.92,1026,16292,281,26.99,471,7.026
Dutch Blitz,1960,2,4,1,15,8,4658,1.24,390,25652,184,12.97,962,6.78
DVONN,2001,2,2,30,30,9,5597,2.65,1452,22853,231,36.37,1611,7.444
Dwellings of Eldervale,2020,1,5,60,150,14,8757,3.25,7029,25430,1775,99.89,1689,8.125
Earth,2023,1,5,45,90,13,19070,2.9,6360,100395,1960,39.95,3078,7.635
Eclipse: Second Dawn for the Galaxy,2020,2,6,60,200,14,16024,3.65,8588,32784,2239,225,2233,8.409
Ecos: First Continent,2019,2,6,45,75,14,4633,2.57,1809,14308,263,85,905,7.125
Eila and Something Shiny,2021,1,1,30,45,12,1673,2.03,1775,12431,717,64.99,460,7.95
El Grande,1995,2,5,60,120,12,31599,2.94,7400,63315,1399,49.99,6350,7.765
Elder Sign,2011,1,8,90,90,13,25959,2.35,3554,80183,2007,39.97,5120,6.968
Eldritch Horror,2013,1,8,120,240,14,38144,3.32,9306,103322,4435,59.95,5952,7.744
Empires of the Void II,2018,2,5,90,180,13,2743,3.47,1723,5065,431,68.03,812,7.455
Encyclopedia,2022,1,4,60,120,14,2924,3.05,1334,8631,372,41.4,621,7.339
Endangered,2020,1,5,60,90,10,1862,2.53,1203,6501,228,38.99,484,7.42
Endless Winter: Paleoamericans,2022,1,4,60,120,12,9427,3.32,3560,25714,1524,349.99,1724,7.659
Escape from the Aliens in Outer Space,2010,2,8,20,45,12,5272,1.98,1863,13513,265,30.95,1228,6.918
Escape Room: The Game,2016,3,5,60,60,16,4362,2.26,535,11648,76,43.95,880,6.881
Escape Tales: The Awakening,2018,1,4,180,360,16,2871,2.13,811,5788,131,49,570,7.006
Escape the Dark Castle,2017,1,4,20,45,14,4099,1.21,2062,10674,679,44.95,1036,7.332
Etherfields,2020,1,4,90,180,12,4405,3.57,3101,29319,1434,199.99,1393,7.876
Euphoria: Build a Better Dystopia,2013,2,6,60,60,13,11248,3.12,2798,29435,844,69.94,2248,7.171
Evacuation,2023,1,4,60,150,12,3204,3.97,2341,9470,518,41.8,592,7.549
Evenfall,2023,1,4,60,120,14,2379,3.08,2221,7409,492,37.37,419,7.651
Everdell Farshore,2023,1,4,40,80,10,2265,2.85,2011,7022,430,75.5,452,7.862
Evergreen,2022,1,4,45,45,8,3790,2.14,2492,20519,457,47.24,636,7.451
Evolution,2014,2,6,60,60,12,17717,2.43,3485,44477,971,45.07,3253,7.016
Evolution: Climate,2016,2,6,60,60,12,8392,2.72,2860,16924,822,59.99,1753,7.456
Ex Libris,2017,1,4,45,45,10,6838,2.54,2941,19753,368,41.26,1235,7.115
EXIT: The Game  Dead Man on the Orient Express,2017,1,4,60,120,12,5371,2.67,689,5513,105,14.99,962,7.546
EXIT: The Game  The Abandoned Cabin,2016,1,6,60,120,12,11885,2.54,1312,10889,201,14.95,1877,7.413
EXIT: The Game  The Catacombs of Horror,2018,1,4,120,240,16,1999,2.67,375,3195,36,23.33,378,7.293
EXIT: The Game  The Forbidden Castle,2017,1,4,45,90,12,3483,3.22,355,4132,34,15.95,680,6.777
EXIT: The Game  The Forgotten Island,2017,1,4,45,90,12,3868,2.61,367,4772,45,14.95,678,6.873
EXIT: The Game  The Haunted Roller Coaster,2019,1,4,45,90,10,2023,1.97,283,2961,32,15.95,405,7.113
EXIT: The Game  The Mysterious Museum,2018,1,4,45,90,10,2794,2.12,346,3682,39,14.4,557,7.094
EXIT: The Game  The Pharaoh's Tomb,2016,1,6,45,90,12,6884,2.76,638,7114,89,15.95,1191,7.138
EXIT: The Game  The Polar Station,2017,1,4,45,90,12,3880,2.63,374,4533,44,23.85,686,6.833
EXIT: The Game  The Secret Lab,2016,1,6,45,150,12,7264,2.53,771,7441,101,15.95,1214,7.051
EXIT: The Game  The Sinister Mansion,2018,1,4,45,90,12,2806,2.46,383,3574,46,14.95,499,7.231
EXIT: The Game  The Sunken Treasure,2017,1,4,45,90,10,3729,1.8,365,4706,62,15.95,685,7.031
Expedition to Newdale,2019,1,4,90,90,12,1972,3.01,989,10135,166,59.99,438,7.341
Expeditions,2023,1,5,60,90,14,7487,3.05,4007,25999,1292,85,1351,7.647
Explorers of the North Sea,2016,1,4,45,60,12,3446,2.13,1428,11561,324,59.95,736,7.271
Ezra and Nehemiah,2024,1,4,90,120,13,2686,3.83,2026,8413,755,49.41,544,8.208
Factory Funner,2016,1,6,20,40,11,1935,2.38,858,13896,125,44,551,7.147
Faiyum,2020,1,5,110,140,12,2738,3.07,1365,7054,250,48,602,7.473
Fallout,2017,1,4,120,180,14,8566,3.01,2568,15413,1063,64,1713,6.915
Fantastic Factories,2019,1,5,45,60,14,7513,2.23,2499,35370,613,53.45,1563,7.422
Fantasy Realms,2017,2,6,20,20,14,17313,1.81,3333,217938,779,21.25,2326,7.508
Faraway,2023,2,6,15,30,10,13637,1.9,4016,172379,1308,24.99,1817,7.561
Feed the Kraken,2022,5,11,45,90,12,5140,2.15,4210,20748,1034,44.61,853,7.797
Feudum,2018,2,5,80,180,12,4130,4.59,1874,7937,833,84,1017,7.597
Fields of Arle,2014,1,2,60,120,13,11925,3.85,6258,37500,928,84.99,2213,8.031
Fields of Green,2016,2,4,45,45,12,3991,2.6,981,11312,219,39.99,966,7.119
Final Girl,2021,1,1,20,60,14,9298,2.74,3979,52752,1677,26.75,1806,8.242
Finca,2009,2,5,45,45,10,8097,2.07,1603,33260,309,22.46,1930,7.069
Finspan,2025,1,5,45,60,10,3785,2.34,2210,17194,735,72.73,741,7.724
Fire & Axe: A Viking Saga,2004,3,5,30,90,12,3210,2.67,944,5579,150,24.95,1193,6.992
Fire in the Lake,2014,1,4,180,180,0,3208,4.17,2268,5753,616,74.81,1008,8.064
Firefly: The Game,2013,1,4,120,240,13,12430,2.96,2513,23751,1684,87.42,2817,7.384
First in Flight,2023,1,4,45,75,12,1442,2.3,974,4222,175,53.2,315,7.472
First Rat,2022,1,5,30,75,10,4261,2.27,1595,14494,297,33.98,665,7.541
Fit to Print,2023,1,6,15,30,10,3489,2.08,2027,13452,479,35.73,672,7.327
Flamecraft,2022,1,5,60,60,10,18655,2.18,6265,56169,2854,60.01,2907,7.395
Flamme Rouge,2016,2,4,30,45,8,19204,1.7,4171,84499,1084,69.99,2935,7.48
Flatiron,2024,1,2,45,45,12,1300,2.61,990,4458,265,36.81,230,7.563
Fleet: The Dice Game,2018,1,4,30,45,8,4356,2.51,2025,24663,569,36.99,824,7.626
Flip 7,2024,3,18,20,20,8,9993,1.05,2695,120309,854,7.99,1594,7.19
Fliptown,2023,1,4,30,45,12,2193,2.41,1661,13110,344,34.99,479,7.754
Floriferous,2021,1,4,20,30,14,2609,1.69,1310,16004,269,29.99,573,7.435
Fog of Love,2017,2,2,60,120,17,8424,2.24,2675,12025,481,39.94,1895,6.616
For Sale,1997,3,6,30,30,10,33144,1.25,5821,220757,793,29.9,7212,7.263
Forbidden Desert,2013,2,5,45,45,10,32208,2.04,5646,71565,1227,59.99,5374,7.065
Forbidden Island,2010,2,4,30,30,10,53127,1.74,5114,130707,2258,20.99,9929,6.754
Forest Shuffle,2023,2,5,40,60,10,15860,2.2,5867,189860,1857,29.99,2217,7.73
Forgotten Waters,2020,3,7,120,240,14,6749,2.09,4688,14856,794,59.81,1299,7.773
Formula D,2008,2,10,60,60,8,20159,1.97,3471,49373,962,54.28,3619,6.992
Formula Dé,1997,2,10,120,120,10,7977,1.96,485,18610,290,53.48,2252,6.993
Fort,2020,2,4,20,40,10,11201,2.44,2768,32021,693,28.97,1807,7.073
Foundations of Metropolis,2024,2,4,60,60,14,1562,2,1860,4212,272,42.29,287,7.681
Francis Drake,2013,3,5,90,120,14,5384,2.9,1581,9457,293,93.85,1260,7.378
Freelancers: A Crossroads Game,2023,3,7,90,180,14,1123,2.13,2018,2358,329,53.99,256,7.814
Friday,2011,1,1,25,25,13,22535,2.15,3179,146060,1199,18.99,4698,7.114
Fromage,2024,1,4,30,45,14,3942,2.37,3211,26339,817,50.35,759,7.688
Frosthaven,2022,1,4,90,180,14,9036,4.41,6188,102087,2546,198.95,1982,8.773
Frostpunk: The Board Game,2022,1,4,120,150,16,4081,4.39,3301,11160,1124,499.99,1002,8.168
Fruit Fight,2021,2,5,20,20,8,2270,1.03,855,35301,149,24.29,437,7.124
Fun Facts,2022,4,8,30,30,8,2780,1.04,640,14589,99,24.99,429,7.049
Furnace,2020,2,4,30,60,12,12485,2.32,3686,38468,616,44.87,1895,7.393
FUSE,2015,1,5,10,10,10,9080,1.66,1837,70161,285,27.42,1759,6.993
G.I. JOE Deck-Building Game,2021,1,4,30,70,13,1332,2.88,415,7189,220,40.11,280,7.674
Galactic Cruise,2025,1,4,90,150,14,2847,3.92,4041,9768,1310,149.99,703,8.433
Galaxy Trucker (Second Edition),2021,2,4,20,30,8,6125,2.28,2026,22490,375,39.99,899,7.42
Galileo Galilei,2024,1,4,50,100,12,1814,3.01,2171,6341,515,94.99,339,7.602
Genoa,2001,2,5,60,120,12,6245,3.07,1180,8148,142,34.1,2171,7.044
Genotype: A Mendelian Genetics Game,2021,1,5,45,90,14,2568,2.76,1991,7218,329,55.99,603,7.433
Gentes,2017,1,4,90,90,12,3790,3.16,865,8713,199,59.99,755,7.384
Get on Board: New York & London,2022,2,5,30,30,8,3268,1.89,1062,19277,162,29.09,482,6.952
Ghost Blitz,2010,2,8,20,20,8,10296,1.13,817,40670,252,23.03,1850,6.705
Ghost Fightin' Treasure Hunters,2013,2,4,30,30,8,4226,1.62,1495,19087,256,77.41,1061,7.143
Gingerbread House,2018,2,4,30,30,8,2967,1.85,557,10869,110,22.79,573,6.987
Ginkgopolis,2012,1,5,45,45,13,8613,2.91,3029,39651,512,48.74,1762,7.492
GIPF,1996,2,2,30,60,9,3445,2.76,777,10875,141,31.12,1018,7.085
Gizmos,2018,2,4,40,50,14,14130,2.04,3716,107161,625,44.99,1962,7.364
GKR: Heavy Hitters,2018,1,4,60,120,12,1710,2.77,738,2672,329,139.95,441,7.573
Glass Road,2013,1,4,20,80,13,12438,2.95,3509,48791,556,111,2565,7.413
Gloomhaven: Buttons & Bugs,2024,1,1,20,20,10,2871,3.29,1598,20500,643,19.94,635,7.56
Gloomhaven: Jaws of the Lion,2020,1,4,30,120,14,38651,3.64,8865,194704,4120,64.95,5540,8.382
Go,1603,2,2,30,180,8,17961,3.91,2246,74913,1243,28.7,4311,7.658
Gold West,2015,2,4,45,60,13,3367,2.45,1237,10506,187,75,739,7.3
Golem,2021,1,4,90,120,14,4432,4.02,1747,12817,400,144.99,735,7.529
Grand Austria Hotel,2015,2,4,60,120,12,23513,3.2,6886,116284,1559,58.99,3616,7.958
Great Western Trail,2016,2,4,75,150,12,42836,3.7,9971,153049,2608,42.74,5507,8.163
Great Western Trail: Argentina,2022,1,4,75,150,12,4892,3.91,1529,14315,441,59.99,690,8.248
Great Western Trail: New Zealand,2023,1,4,75,150,12,5701,4,2262,17510,555,59.99,782,8.501
Great Western Trail: Second Edition,2021,1,4,75,150,12,16100,3.71,4971,59591,1289,65.99,1731,8.284
Green Team Wins,2022,3,12,15,15,10,2402,1.06,825,13429,91,13.99,432,7.019
Grove: 9 card solitaire game,2021,1,1,5,10,8,2639,1.29,777,49252,280,16.99,544,7.551
Gutenberg,2021,1,4,60,120,10,2586,2.71,1359,6316,237,39.95,543,7.288
Habitats,2016,1,5,30,50,10,2600,2.11,1054,16782,199,41.5,662,7.36
Hadrian's Wall,2021,1,6,30,60,12,9728,3.17,4577,64937,997,49.61,1569,7.903
Hammer of the Scots,2002,2,2,120,180,12,4222,2.95,1697,7785,256,79.98,1627,7.529
Hanabi,2010,2,5,25,25,8,51017,1.69,4554,313404,1575,14.99,8411,7.033
Hannibal & Hamilcar,2018,2,2,40,200,12,1848,3.88,1170,2749,353,189.95,557,8.278
Hannibal: Rome vs. Carthage,1996,2,2,150,150,12,5038,3.45,1910,8159,441,189.95,1892,7.778
Hansa Teutonica,2009,2,5,45,90,12,16689,3.09,3645,50560,877,54.14,3082,7.74
Harmonies,2024,1,4,30,45,10,19928,2,8135,195924,3109,34.99,2377,8.026
Harry Potter: Hogwarts Battle,2016,2,4,30,60,11,21057,2.09,3759,131908,1379,34.96,3520,7.351
Heat: Pedal to the Metal,2022,1,6,30,60,10,34442,2.2,13709,202523,4271,60,4234,8.014
Hegemony: Lead Your Class to Victory,2023,2,4,90,180,14,10200,4.23,6263,21437,2253,75.04,1676,8.418
Hellboy: The Board Game,2019,1,4,60,90,14,2054,2.96,857,5190,2060,79.95,532,7.741
Herbaceous,2017,1,4,15,20,8,6130,1.21,1801,49066,396,32.99,1346,7
Here to Slay,2020,2,6,30,60,10,8128,1.67,1403,24100,756,20,1421,6.888
Hero Realms,2016,2,4,20,20,12,19273,1.85,2473,129559,1611,17.95,2745,7.503
Heroes of Terrinoth,2018,1,4,30,60,14,2464,2.51,969,6857,320,47.49,487,7.246
High Society,1995,3,5,15,30,10,15485,1.48,3677,74157,595,19.12,3546,7.191
Hitster,2022,2,10,30,30,16,5117,1.01,721,57048,237,44.9,539,7.598
Hive,2001,2,2,20,20,9,39271,2.31,6171,220010,1933,43.5,7628,7.317
Holland '44: Operation Market-Garden,2017,2,2,240,900,0,931,3.87,490,1250,185,50.77,383,8.273
Honey Buzz,2020,1,4,45,90,10,7950,2.71,4364,24688,954,99.99,1408,7.516
Horrified,2019,1,5,60,60,10,18746,2.02,5914,58783,1545,39.99,3079,7.605
Horrified: American Monsters,2021,1,5,60,60,10,3350,2.18,1386,7877,348,39.99,566,7.447
Horseless Carriage,2023,3,5,180,240,14,1702,4.29,1015,4198,297,39.95,464,7.748
Hostage Negotiator,2015,1,1,20,20,13,6183,2.06,1651,38457,481,28.82,1418,6.787
Hyperborea,2014,2,6,50,150,14,5084,3.16,1278,10366,357,74.99,1079,7.164
Iberia,2016,2,5,45,45,8,11459,2.6,3719,30353,622,53.01,2012,7.878
ICECOOL,2016,2,4,30,30,6,11893,1.05,1850,50052,349,60,2066,6.786
Ierusalem: Anno Domini,2023,1,4,90,90,12,1870,3.11,946,4648,392,54.79,323,7.535
IKI,2015,2,4,60,90,14,6290,3.06,2769,16741,561,53.99,1155,7.615
Illusion,2018,2,5,15,15,8,5443,1.05,704,30393,140,12.95,885,6.712
I'm the Boss!,1994,3,6,60,60,12,4052,1.96,857,7294,147,40.21,1319,6.772
Imhotep: The Duel,2018,2,2,30,30,10,3340,1.97,892,11414,117,19.95,600,7.06
Imperial,2006,2,6,120,180,13,8932,3.56,2074,17439,456,50.5,2365,7.593
Imperial 2030,2009,2,6,120,180,12,7142,3.5,2088,11842,402,56.99,1366,7.641
Imperial Settlers: Empires of the North,2019,1,4,45,90,10,7803,2.81,3110,28488,522,39.95,1370,7.399
Imperial Steam,2021,2,4,120,120,12,2469,4.21,1142,6355,247,29,479,7.756
Imperial Struggle,2020,2,2,120,240,14,3129,4.06,2011,5841,580,54.81,880,8.239
Imperium: Classics,2021,1,4,60,120,14,8025,3.61,2685,38121,891,33.6,1362,7.694
Imperium: Legends,2021,1,4,40,160,14,4546,3.76,1521,10516,478,31.99,811,7.841
In the Footsteps of Darwin,2023,2,5,20,30,8,2609,1.68,1058,18032,245,40.99,373,7.351
In the Hall of the Mountain King,2019,2,5,90,90,12,4867,2.84,1715,11016,450,42.28,1155,7.557
In the Year of the Dragon,2007,2,5,75,100,12,12438,3.08,1957,33336,359,19.99,2784,7.294
Inferno,2024,1,4,45,120,14,1762,3.56,1476,5100,717,75.99,352,7.918
Infinity Gauntlet: A Love Letter Game,2020,2,6,15,15,10,3750,1.23,500,20644,136,10.49,607,6.928
Ingenious,2004,1,4,30,45,8,17723,1.91,2241,92794,432,39.87,4323,7.1
Inis,2016,2,4,60,90,14,22097,2.95,9202,50242,1769,70.39,3716,7.82
Innovation Ultimate,2025,2,5,30,60,14,841,3.21,1171,5913,249,75.03,227,8.564
Insider,2016,4,8,15,15,9,4795,1.11,1962,37850,196,22.99,840,7.03
Inventions: Evolution of Ideas,2024,1,4,60,150,14,2500,4.56,2317,8010,879,206.47,595,7.998
Inventors of the South Tigris,2024,1,4,90,120,12,1183,4.42,922,4128,234,45.86,311,7.934
Irish Gauge,2014,3,5,60,60,12,3676,2.37,1146,9940,182,28,763,7.191
Ishtar: Gardens of Babylon,2019,2,4,45,45,14,3428,2.25,1075,8554,206,39.99,657,6.967
Isle of Skye: From Chieftain to King,2015,2,5,30,50,8,26603,2.25,4551,95208,882,79.97,4065,7.391
ISS Vanguard,2022,1,4,90,120,13,6219,3.67,5097,37755,2232,159,1720,8.438
Istanbul,2014,2,5,40,60,10,32909,2.58,6232,109914,1344,69.99,4758,7.539
ito,2019,2,10,10,10,8,2457,1.02,1376,20008,172,17.99,448,7.286
It's a Wonderful Kingdom,2021,1,2,45,45,14,3566,2.58,1120,13906,337,30.48,701,7.084
It's a Wonderful World,2019,1,5,45,45,14,21764,2.32,6119,216694,1605,49.99,2974,7.641
Jaipur,2009,2,2,30,30,10,55706,1.46,8352,286135,2330,26.99,8700,7.483
Jamaica,2007,2,6,30,60,8,21593,1.66,4945,58239,908,39.95,4204,7.061
Jaws,2019,2,4,60,60,12,6681,2.15,1397,10868,392,42.41,1361,7.071
Jekyll vs. Hyde,2021,2,2,30,30,8,5052,1.85,1358,29591,279,16.32,726,7.194
Juicy Fruits,2021,1,4,20,50,8,2783,2.03,712,10764,131,28.95,545,7.013
Julius Caesar: Caesar. Pompey. and the Roman Civil War,2010,2,2,60,180,12,1805,2.45,1047,5120,242,89.98,656,7.793
Jump Drive,2017,2,4,10,30,13,5239,2.02,1347,77960,212,23.64,1260,7.001
K2,2010,1,5,60,60,8,10853,2.25,2541,28252,440,146.43,2052,7.004
Kabuto Sumo,2021,2,4,15,15,0,3895,1.15,1593,19902,285,39.99,737,6.733
Kahuna,1998,2,2,30,40,10,10152,2.06,1309,22606,181,32.14,2421,6.612
Kanban EV,2020,1,4,60,180,14,9280,4.3,5935,23415,2007,119.99,1462,8.39
Karak,2017,2,5,45,45,7,3732,1.3,1230,23997,361,40.67,685,7.175
Kariba,2010,2,4,15,15,6,2405,1.06,530,21930,135,14.99,464,7.024
Karuba,2015,2,4,30,40,8,11578,1.42,2706,64654,371,39.99,2114,7.166
Keep the Heroes Out!,2022,1,4,40,40,10,4991,2.48,3558,35430,1108,349.99,963,7.932
Keyflower,2012,2,6,90,120,12,24047,3.34,6619,65198,1262,58.37,4172,7.715
KeyForge: Age of Ascension,2019,2,2,15,45,14,2651,2.71,167,11963,114,9.99,474,7.17
KeyForge: Call of the Archons,2018,2,2,15,45,14,11626,2.49,1206,115694,718,54.99,1836,7.076
Keyper,2017,2,4,90,120,14,2217,3.56,789,5132,125,73.95,605,7.211
Khôra: Rise of an Empire,2021,2,4,75,75,14,4458,2.76,1325,14039,271,29.97,724,7.388
King of New York,2014,2,6,40,40,10,17086,1.87,2324,35315,580,99.94,2684,6.868
King of Tokyo,2011,2,6,30,30,8,74012,1.49,8265,400972,3788,37.09,11846,7.121
Kingdom Death: Monster,2015,1,4,60,180,17,10138,4.27,7352,56569,3358,979.98,2271,8.479
Kingdom Legacy: Feudal Kingdom,2024,1,1,360,480,14,1731,2.22,1057,14515,349,16,356,8.201
Kingdom Rush: Rift in Time,2020,1,4,45,90,10,2461,2.98,906,11219,397,53.95,659,7.307
Kingdomino,2016,2,4,15,25,8,51021,1.23,4942,426787,1745,24.99,7138,7.295
Kingdomino Origins,2021,2,4,20,40,8,2829,1.91,998,12241,146,26.6,455,7.469
Kites,2022,2,6,10,10,10,3687,1.06,1048,32244,199,19.03,548,6.884
KLASK,2014,2,2,10,10,8,11613,1.05,2511,122398,439,69.99,1532,7.629
Knarr,2023,2,4,30,30,10,6485,1.93,2623,50059,585,34.61,902,7.482
Kodama: The Tree Spirits,2016,2,5,30,30,14,6108,1.64,1000,14443,448,19.99,1249,6.66
Kronologic: Paris 1920,2024,1,4,30,30,10,1409,2.13,1397,9477,224,27.99,258,7.545
Kutná Hora: The City of Silver,2023,2,4,60,120,13,4669,3.33,2322,14355,712,56,814,7.773
L.L.A.M.A.,2019,2,6,20,20,8,9676,1.06,935,121270,233,12.99,1605,6.497
La Habana,2009,2,4,30,45,10,3272,2.21,542,8441,70,52.16,726,6.838
Labyrinth: The War on Terror. 2001,2010,1,2,180,180,12,5128,3.69,2083,12518,729,66.63,1562,7.568
Lacrimosa,2022,1,4,90,90,14,4491,3.17,2076,12595,587,75.99,728,7.642
Lacuna,2023,2,2,10,15,8,1970,1.07,1515,10364,181,31.99,383,7.4
Land vs Sea,2021,2,4,40,40,14,2710,1.74,1498,9563,245,29.95,503,7.079
Lanterns: The Harvest Festival,2015,2,4,30,30,8,11801,1.55,2116,42197,590,31.2,2209,6.861
Las Vegas Royale,2019,2,5,45,60,8,3211,1.44,1637,13058,208,82.25,555,7.47
Last Light,2023,2,4,45,75,14,2046,2.79,1822,5075,443,48.99,516,7.358
Last Night on Earth: The Zombie Game,2007,2,6,60,90,12,14260,2.3,2347,31590,1446,50.89,3467,6.9
Last Will,2011,2,5,45,75,14,10797,2.72,2761,26298,362,49.95,2094,7.164
Le Havre,2008,1,5,30,150,12,33111,3.71,9953,89248,2135,72.99,6224,7.838
Leaving Earth,2015,1,5,60,180,15,2966,3.76,3746,7425,658,149.95,871,7.727
Legacy of Dragonholt,2017,1,6,60,999,14,3381,1.27,2435,11786,448,58.98,911,7.197
Legacy of Yu,2023,1,1,60,60,12,3384,2.9,2993,24744,744,48.77,709,8.102
Legend of the Five Rings: The Card Game,2017,2,2,45,90,14,2928,4.01,705,16795,332,29.99,691,7.345
Legendary: A Marvel Deck Building Game,2012,1,5,30,60,14,23101,2.43,4166,194507,2756,57.08,4114,7.524
Legends of Andor,2012,2,4,60,90,10,20276,2.76,4317,54436,1334,39.99,3506,7.093
Let's Go! To Japan,2024,1,4,45,60,10,5851,2.25,3057,39214,1064,43.19,1035,7.633
Letter Jam,2019,2,6,45,45,10,5384,1.95,1200,25167,175,24.99,992,7.167
Lewis & Clark: The Expedition,2013,1,5,120,120,14,16217,3.32,3619,44356,772,44.75,2935,7.439
Liberté,1998,3,6,90,90,14,2771,3.31,755,4537,95,53.99,1082,7.109
Libertalia: Winds of Galecrest,2022,1,6,45,60,14,7701,2.19,3849,24712,670,59.99,1200,7.454
Liberty or Death: The American Insurrection,2016,1,4,180,360,14,1701,4.06,1082,2900,297,75.3,551,7.751
Life of the Amazonia,2023,1,4,60,150,14,2612,2.84,2437,10448,469,73,600,8.126
Lisboa,2017,1,4,60,120,12,12245,4.57,6563,31222,1438,119.99,2197,8.174
Little Town,2017,2,4,30,60,10,4589,1.95,1098,16614,244,12.99,749,7.154
Living Forest,2021,1,4,40,40,10,7514,2.21,2634,44366,508,100.99,1099,7.238
Lockup: A Roll Player Tale,2019,1,5,45,90,10,2636,2.45,1054,6999,233,49.99,522,7.341
London (Second Edition),2017,2,4,60,90,14,7605,2.72,1827,23230,362,40.37,1213,7.485
Long Shot: The Dice Game,2022,1,8,25,25,14,9560,1.93,3271,39026,652,28.47,1460,7.557
Lords of Hellas,2018,1,4,60,90,14,7565,3.33,2421,13370,1328,117.95,1497,7.627
Lorenzo il Magnifico,2016,2,4,60,120,12,14810,3.29,3157,46008,793,42.5,2174,7.834
Lost Cities,1999,2,2,30,30,10,49372,1.47,6548,397608,1634,19.7,10764,7.253
Lost Ruins of Arnak,2020,1,4,30,120,12,51953,2.93,14978,285051,5124,59.99,6410,8.071
Love Letter,2019,2,6,20,20,10,13548,1.11,1628,57223,674,10.49,1453,7.51
Love Letter,2012,2,4,20,20,10,70405,1.18,4675,396495,2711,14.99,11766,7.225
Luxor,2018,2,4,45,45,8,5023,1.91,1339,31360,209,60.77,895,7.199
Machi Koro,2012,2,4,30,30,10,35024,1.52,3439,130866,1110,29.95,5971,6.599
Machi Koro 2,2021,2,5,45,45,10,2273,1.54,949,9505,164,29.95,434,7.105
Mage Knight Board Game,2011,1,4,60,240,14,34503,4.37,12716,79847,5114,101.54,6577,8.08
Mage Wars Arena,2012,2,2,90,90,13,7966,3.68,2386,15909,1290,49.99,1861,7.57
Magic: The Gathering,1993,2,6,20,20,13,41819,3.28,865,765247,2423,74.97,8083,7.59
Maglev Metro,2021,1,4,60,90,14,3030,2.83,1446,9011,230,60.89,604,7.211
Mandala,2019,2,2,20,20,10,6787,1.78,2273,41869,316,32.99,1228,7.464
Mansions of Madness,2011,2,5,120,180,13,13908,3.24,2990,20900,1813,87.99,2506,7.255
Mansions of Madness: Second Edition,2016,1,5,120,180,14,38945,2.7,13456,100296,3796,87.99,5241,7.925
Maracaibo,2019,1,4,30,120,12,17965,3.91,6562,71304,1415,73.74,2657,7.969
Mare Nostrum: Empires,2016,3,5,90,120,14,4308,2.99,1215,8608,491,75,986,7.523
Mariposas,2020,2,5,45,75,14,5541,2.2,1641,13641,367,44.99,986,6.756
Marrakech,2007,2,4,30,30,6,5816,1.34,1071,29522,218,37.99,1136,6.703
Marrakesh,2022,2,4,120,120,14,3717,3.41,1916,14515,407,79.99,667,8.111
Marvel Champions: The Card Game,2019,1,4,45,90,14,26377,2.95,6084,586345,3516,48.99,3582,8.113
Marvel Dice Masters: Avengers vs. X-Men,2014,2,2,60,60,14,5700,2.3,684,29461,741,7.2,1131,7.091
Marvel Dice Masters: Uncanny X-Men,2014,2,2,60,60,14,3818,2.37,238,13008,250,19.99,712,7.141
Marvel Dice Throne: Scarlet Witch v. Thor v. Loki v. Spider-Man,2022,2,4,20,40,0,1537,2.43,241,5789,95,49.99,213,7.691
Marvel United,2020,1,4,40,40,14,12460,1.83,2113,99802,1054,34.95,2145,7.558
Marvel United: X-Men,2021,1,5,40,40,14,4323,1.99,659,22692,458,33.58,802,8.015
Marvel Zombies: A Zombicide Game,2023,1,6,60,60,14,2504,2.41,748,14062,480,110.25,538,7.949
Marvel: Crisis Protocol Core Set,2019,2,2,45,45,14,1074,3,416,8032,231,81.19,219,8.234
Marvel: Remix,2022,2,6,20,20,12,2897,1.77,630,30272,167,22.65,397,7.325
Masmorra: Dungeons of Arcadia,2017,1,5,60,90,14,2930,2.28,882,6227,389,79.99,769,7.031
Massive Darkness 2: Hellscape,2022,1,6,60,60,14,3837,2.74,2556,14743,766,109.99,841,8.02
Masters of Renaissance: Lorenzo il Magnifico  The Card Game,2019,1,4,30,45,14,2311,2.12,540,10008,126,96.99,449,7.1
Meadow,2021,1,4,60,90,10,12730,2.25,4926,53238,1222,43.99,1944,7.711
Medici,1995,2,6,60,60,10,8778,2.22,1759,30059,271,24.95,2621,7.186
Meeple Land,2020,2,4,45,45,8,1926,1.92,686,7825,118,35,287,7.202
Men-Nefer,2024,1,4,60,120,14,1904,3.69,1741,7436,442,64.99,321,8.206
Merchant of Venus (Second Edition),2012,1,4,120,240,14,3928,3,1701,7083,285,219.99,1108,7.125
Merchants of the Dark Road,2022,1,4,60,120,12,3711,3.27,2479,8839,695,47.58,948,7.352
Merv: The Heart of the Silk Road,2020,1,4,90,90,14,4372,3.43,1421,11669,323,49.99,764,7.495
Messina 1347,2021,1,4,60,140,14,3652,3.59,1283,11282,321,27.47,610,7.521
Mice and Mystics,2012,1,4,60,90,7,20217,2.73,8291,52241,2279,71.99,4222,7.213
MicroMacro: Crime City,2020,1,4,15,45,12,18335,1.1,4390,97918,814,34.34,2391,7.466
MicroMacro: Crime City  All In,2022,1,4,15,45,12,1454,1.09,742,11541,84,25.17,276,7.823
MicroMacro: Crime City  Full House,2021,1,4,15,45,10,4881,1.17,951,32249,185,26.45,678,7.661
Middle Ages,2024,2,5,30,30,10,2509,2.04,1367,17615,303,39.99,360,7.202
Mille Fiori,2021,2,4,60,90,10,5060,2.17,1668,23030,294,124.93,827,7.422
Millennium Blades,2016,2,5,80,120,12,5504,3.65,2233,10293,1083,80,1199,7.662
Mind MGMT: The Psychic Espionage “Game.”,2021,1,5,60,60,13,6507,2.91,4759,24356,889,60,1328,7.836
Mindbug: First Contact,2022,2,2,15,25,8,8020,1.93,2331,69296,840,27.12,1355,7.608
Minecraft: Builders & Biomes,2019,2,4,30,60,10,3477,1.99,573,10872,171,33.98,657,6.894
Mini Rogue,2020,1,2,30,45,12,3107,2.01,1260,17097,544,23.62,642,7.315
Mistborn: The Deckbuilding Game,2024,1,4,30,60,13,1661,2.68,2255,6092,659,36.9,335,7.757
Mists over Carcassonne,2022,1,5,35,35,8,2493,2.11,1326,29197,206,36.98,460,7.295
Miyabi,2019,2,4,45,45,8,1842,2.04,1329,7822,131,39.99,366,7.441
MLEM: Space Agency,2024,2,5,30,60,8,4831,1.7,1672,27509,432,32.99,785,7.177
Modern Art,1992,3,5,45,45,10,24344,2.28,6045,57511,967,31.95,5682,7.517
Monikers,2015,4,16,30,60,17,7193,1.09,2704,24555,425,24.99,1300,7.772
Monumental,2020,1,4,90,120,14,2141,2.89,1897,4473,723,123.92,632,7.413
Moon Colony Bloodbath,2025,1,5,45,90,14,1660,2.14,2286,7126,431,46.02,345,7.601
Moonrakers,2020,1,5,60,120,14,3698,2.46,3109,8840,778,159.95,811,7.715
Morels,2012,2,2,30,30,10,9872,1.74,2580,34494,558,26.95,2285,6.981
Mosaic: A Story of Civilization,2022,2,6,120,120,12,4696,2.98,1995,11976,553,39.99,1056,7.493
Mottainai,2015,2,5,15,30,13,4542,3.17,1319,28858,308,18.99,1338,7.04
Mountain Goats,2010,2,4,20,20,8,4853,1.22,973,41020,152,24,927,6.808
Mr. Jack,2006,2,2,30,30,9,18691,2.17,3206,59027,555,89.99,3814,6.964
Murano,2014,2,4,60,75,10,2340,2.72,677,6303,98,59.99,573,7.162
My City,2020,2,4,30,30,10,12549,1.98,4831,187716,679,24.49,1929,7.6
My City: Roll & Build,2022,1,6,30,30,10,2539,1.5,676,38488,148,19.93,427,7.059
My Island,2023,2,4,30,30,10,1569,2.26,1467,36614,205,27.99,310,7.338
My Little Scythe,2018,1,6,45,60,8,6147,2.02,1868,21985,458,60,1252,7.212
My Village,2015,2,4,60,90,12,2937,3.09,547,5914,88,73.99,622,6.92
Mycelia,2023,1,4,45,45,9,2207,1.89,1244,12586,356,21.98,368,7.39
Mysterium,2015,2,7,42,42,10,47280,1.89,9069,121328,2098,43.99,6646,7.2
Mysterium Park,2020,2,6,30,45,10,5258,1.44,1618,17938,290,29.97,891,7.018
Mythic Mischief,2022,1,4,45,90,14,1518,2.52,1998,7205,409,114,372,7.544
Naga Raja,2019,2,2,30,30,9,2768,2.02,1387,7988,147,28,537,7.098
Nanty Narking,2019,2,4,60,60,14,2098,2.32,995,5580,262,70,522,7.457
Nations: The Dice Game,2014,1,4,20,40,14,5816,2,1184,34602,190,44.92,1178,6.932
Navajo Wars,2013,1,2,120,120,12,1100,3.9,1238,3162,254,139.95,489,7.91
Neanderthal,2015,1,3,60,120,14,1870,3.77,699,5876,218,44.99,693,7.248
Nemesis,2018,1,5,90,180,12,34821,3.48,14803,82874,5471,138.63,5259,8.254
Nemesis: Lockdown,2022,1,5,90,180,12,7409,3.91,2901,15344,1229,131.85,1394,8.282
Nemo's War (Second Edition),2017,1,4,60,120,13,5652,3.29,3286,14714,1011,79.99,1562,7.803
NEOM,2018,1,5,45,45,10,2359,2.54,705,10456,111,28.46,531,7.209
Netrunner,1996,2,2,45,45,10,2501,2.93,400,5272,242,139.97,851,7.448
Neuroshima Hex,2006,2,4,30,30,8,15514,2.61,3060,78284,1064,24.92,3233,7.385
New Frontiers,2018,2,5,45,75,14,4068,2.97,1823,18677,263,55.46,872,7.402
New York 1901,2015,2,4,30,60,8,6511,2.05,1062,14139,290,34.95,1379,6.787
Newton,2018,1,4,90,90,14,7736,3.39,2039,29028,383,29.99,1305,7.509
Next Station: London,2022,1,4,25,30,8,6493,1.48,1407,105015,340,17.99,782,7.433
Next Station: Tokyo,2023,1,4,25,30,8,2140,1.81,510,22557,102,19.99,257,7.166
Nexus Ops,2005,2,4,90,90,12,9175,2.23,2336,21360,452,54.12,3181,7.215
Nidavellir,2020,2,5,45,45,10,15329,2.11,3932,71459,702,31.99,2022,7.565
Nightmare Productions,2000,2,5,60,60,10,5947,2.1,1520,13976,160,41.86,2132,7.067
Noctiluca,2019,1,4,30,30,8,2121,1.34,1009,10979,161,30,461,7.096
Normandy '44,2010,2,3,420,420,0,1203,3.37,547,1596,243,48.83,471,7.902
Northgard: Uncharted Lands,2022,2,5,45,90,13,2650,2.75,1509,6688,854,79.99,484,7.597
Not Alone,2016,2,7,30,45,10,11587,1.98,2218,34980,440,19.95,1791,6.961
Notre Dame,2007,2,5,45,75,10,13631,2.74,1924,44041,333,39.99,3131,7.31
Oath,2021,1,6,45,150,10,8763,4.12,7175,19381,2178,85.6,1989,7.737
Oathsworn: Into the Deepwood,2022,1,4,30,90,14,6184,3.69,5920,36018,2597,349.99,1647,8.822
Obscurio,2019,2,8,40,40,10,4388,1.91,2610,10047,288,39.19,801,7.081
Oceanos,2016,2,5,30,45,8,3518,1.83,900,10140,110,31.99,728,6.786
Oceanos,2016,2,5,30,45,8,3518,1.83,900,10140,110,31.99,728,6.786
Oceans,2020,2,4,60,90,12,7280,2.85,3516,20487,685,54.99,1573,7.41
Olympos,2011,2,5,45,90,10,2745,2.96,583,4855,101,54.55,733,6.897
Omen: A Reign of War,2011,2,2,30,30,12,1845,2.33,698,5815,246,78.19,761,7.292
On Mars,2020,1,4,90,150,14,14075,4.63,8235,37172,2963,111.99,2285,8.17
One Deck Dungeon,2016,1,2,30,45,14,12379,2.09,3550,56389,1000,23.81,2741,6.939
One Deck Dungeon: Forest of Shadows,2017,1,2,30,45,14,3383,2.33,763,8478,287,21.98,831,7.082
One Night Ultimate Werewolf,2014,3,10,10,10,8,29792,1.38,3488,220773,1164,24.95,4905,7.04
One Night Ultimate Werewolf: Daybreak,2015,3,10,10,10,8,6297,1.38,1026,16494,239,27.29,1102,7.284
Onirim (Second Edition),2014,1,2,15,15,10,10929,1.61,2481,120555,602,28.99,2205,7.04
Onitama,2014,2,2,15,20,10,24012,1.66,6851,120934,1086,31.62,4019,7.343
Ora et Labora,2011,1,4,60,180,13,11384,3.89,3643,23595,620,58.28,2142,7.681
Orchard: 9 card solitaire game,2018,1,1,5,10,8,4025,1.19,1163,74663,410,19.99,1013,7.253
Orichalcum,2022,2,4,45,60,10,2123,2.2,863,5860,152,18.67,377,7.123
Otys,2017,1,4,60,60,14,2598,2.9,656,6013,149,23.74,556,6.949
Outfoxed!,2014,2,4,20,20,5,5193,1.1,1209,34992,255,32.89,1318,7.141
Overboss: A Boss Monster Adventure,2021,1,5,20,30,8,2346,2.04,953,10435,210,37.49,507,7.287
Pagan: Fate of Roanoke,2022,2,2,30,60,12,3930,3.03,2674,14375,756,39.85,644,7.952
Paint the Roses,2022,2,5,50,70,11,2810,2.46,1781,13971,340,39.99,646,7.19
Paladins of the West Kingdom,2019,1,4,90,120,12,19579,3.71,6224,59250,1617,52.44,2774,7.964
Paleo,2020,2,4,45,60,10,14763,2.65,6591,76336,1393,51.41,1944,7.666
Palm Island,2018,1,2,15,15,10,6769,1.75,1809,59512,707,24.99,1436,7.066
Pan Am,2020,2,4,60,60,12,7547,2.41,1801,18175,482,16,1289,7.533
Pandemic,2008,2,4,45,45,8,131615,2.4,11321,441709,8376,42.89,20214,7.522
Pandemic Legacy: Season 0,2020,2,4,45,60,14,8931,3.17,4083,65426,580,71.99,1267,8.355
Pandemic Legacy: Season 1,2015,2,4,60,60,13,56071,2.83,14478,301410,4221,76.97,8384,8.512
Pandemic Legacy: Season 2,2017,2,4,60,60,14,17815,3.25,4775,128707,809,79.99,2774,8.019
Pandemic: The Cure,2014,2,5,30,30,8,10982,2.06,2502,56966,439,49.99,1997,7.236
Paper Dungeons: A Dungeon Scrawler Game,2020,1,8,30,30,10,3303,2.11,1187,15130,297,51.99,436,7.127
Paper Tales,2017,2,5,30,30,12,5453,2.18,1812,20326,227,31,980,7.018
Patchwork,2014,2,2,15,30,8,71267,1.6,9870,415362,2806,32.08,9479,7.585
Path of Civilization,2023,1,5,60,120,14,2001,2.78,1073,9078,199,74.44,430,7.232
Path of Light and Shadow,2017,2,4,60,120,14,1761,3.13,711,4678,219,51.06,433,7.413
Pathfinder Adventure Card Game: Skull & Shackles  Base Set,2014,1,4,90,90,13,2769,2.93,442,19671,320,36.99,639,7.28
Pavlov's House,2018,1,3,60,75,12,1609,2.81,1539,4657,316,96.24,477,7.864
Pax Pamir: Second Edition,2019,1,5,45,120,13,16378,3.85,6638,66228,1903,71.84,2779,8.141
Pendragon: The Fall of Roman Britain,2017,1,4,60,360,16,1150,4.46,1151,1938,252,139.95,433,7.869
Perudo,1800,2,10,15,30,8,16193,1.25,1554,118429,369,32.99,4270,6.926
Phantom Ink,2022,2,8,10,15,13,2365,1.18,1396,19663,165,19.56,398,7.406
Photosynthesis,2017,2,4,30,60,10,25229,2.26,6706,46013,1133,39.99,3887,6.944
Pictomania (Second Edition),2018,3,6,20,40,8,2572,1.47,773,9979,83,34.95,465,7.566
Pictures,2019,3,5,20,30,8,3669,1.04,884,14502,138,34.15,592,7.226
Pioneer Days,2017,2,4,45,75,14,2317,2.51,833,6674,140,47.95,472,7.206
Pirates of Maracaibo,2023,1,4,40,100,12,3110,2.83,2275,15884,473,49.95,523,7.935
Pixies,2024,2,5,30,30,8,3267,1.21,644,41612,218,17.99,431,7.096
Planet,2018,2,4,30,45,8,5998,1.59,1450,17477,198,26.99,1065,6.643
Planet Unknown,2022,1,6,60,80,10,12251,2.25,5449,81894,1158,55.28,1866,7.78
Planted: A Game of Nature & Nurture,2022,2,5,20,30,10,2930,1.68,1937,10489,369,29.99,554,7.256
Point City,2023,1,4,15,30,10,4247,1.66,1160,23362,256,24.93,729,7.163
Point Salad,2019,2,6,15,30,10,21886,1.15,2931,169406,672,23.67,3119,7.112
Poker,1810,2,10,60,60,12,11730,2.43,130,50789,282,34.95,2415,6.709
Polis,2020,2,2,60,120,12,982,3.82,886,1934,215,35,240,8.085
Polis: Fight for the Hegemony,2012,2,2,90,120,12,2423,3.69,841,6228,303,117.65,764,7.505
Port Royal,2014,2,5,20,50,8,18571,1.62,2094,143343,619,23.99,2919,7.11
Potion Explosion,2015,2,4,30,45,8,21143,1.78,3982,154403,824,39.94,3051,7.121
Power Grid,2004,2,6,120,120,12,68031,3.25,12104,162101,3958,41.57,11929,7.801
Power Grid: The First Sparks,2011,2,6,60,60,12,3623,2.71,638,6963,106,49.96,896,6.763
Prêt-à-Porter,2010,2,4,90,90,10,5141,3.56,1514,10730,299,53.95,1225,7.282
Praga Caput Regni,2020,1,4,45,150,14,9907,3.73,3000,41053,759,27.47,1388,7.858
Primal: The Awakening,2024,1,4,60,90,14,1512,3.84,1751,8191,961,599.99,481,8.604
Primordial Soup,1997,3,4,90,90,12,4761,2.73,925,6515,107,114,1515,6.922
Princes of the Renaissance,2003,3,6,180,180,12,2377,3.5,713,3494,102,49.99,917,7.308
Project L,2020,1,4,20,40,8,11926,1.56,3009,69569,1337,34.99,1697,7.464
Puerto Rico,2002,3,5,90,150,12,73039,3.27,9942,203385,4442,49.1,13114,7.903
Pulsar 2849,2017,2,4,60,90,14,9479,3.33,2917,23312,446,59.99,1461,7.649
QE,2019,3,5,45,45,8,7243,1.54,2408,23435,302,44,1245,7.356
Quacks,2018,2,4,45,45,10,55795,1.94,12458,278155,3397,90,7316,7.808
Quarriors!,2011,2,4,30,30,14,14023,1.97,1837,57375,946,55.68,2984,6.731
Quarto,1991,2,2,20,20,8,8556,1.88,1267,53930,295,33,1825,6.9
Queendomino,2017,2,4,25,25,8,11520,2.07,1947,32014,412,27.89,1828,7.144
Quoridor,1997,2,4,15,15,8,9291,1.82,1513,41406,371,38.39,1978,6.648
Qwirkle,2006,2,4,45,45,6,21481,1.58,1745,99773,571,23.99,4319,6.776
Qwixx,2012,2,5,15,15,8,14754,1.11,898,192361,332,12.55,2528,6.874
Ra,1999,2,5,45,60,12,29298,2.31,8385,117900,1474,224.99,6873,7.674
Race for the Galaxy,2007,2,4,30,60,12,57711,2.99,11309,761848,4286,26.92,11398,7.739
Radlands,2021,2,2,20,40,14,12958,2.26,4867,52901,1391,24.95,2060,7.774
RAF: The Battle of Britain 1940,2009,1,2,120,900,0,1124,3.26,1177,2001,317,125.95,446,8.06
Raiders of Scythia,2020,1,4,60,80,12,6457,2.76,2535,18079,568,50.87,1092,7.711
Raiders of the North Sea,2015,2,4,60,80,12,25718,2.57,7225,82570,1907,81.77,3868,7.725
Railroad Ink Challenge: Shining Yellow Edition,2021,1,4,15,30,8,1897,2.04,397,9483,445,23.98,367,7.468
Railroad Ink: Blazing Red Edition,2018,1,6,20,30,8,7644,1.48,1096,44794,188,19.99,1065,7.067
Railroad Ink: Deep Blue Edition,2018,1,6,20,30,8,14198,1.45,3132,152404,542,22.21,1943,7.159
Railroad Revolution,2016,2,4,45,90,12,2874,3.24,706,7147,115,58.99,649,7.315
Railways of the World,2005,2,6,120,120,10,12495,3.02,3192,36836,540,149.99,3532,7.665
Raising Robots,2023,1,6,60,90,14,1667,3.21,1317,6686,516,49.95,384,7.694
Rajas of the Ganges,2017,2,4,45,75,12,15382,2.9,3934,63142,746,44.75,2219,7.725
Rajas of the Ganges: The Dice Charmers,2020,2,5,30,45,12,2845,2.28,679,22444,136,19,452,7.494
Rallyman: GT,2020,1,6,45,60,14,4499,2.21,1144,44493,442,36.04,839,7.124
Raptor,2015,2,2,30,30,9,10672,2.07,3600,32756,435,38.99,1830,7.225
Rats of Wistar,2023,1,4,90,90,13,3132,3.39,2054,15082,507,96.36,499,7.511
Ready Set Bet,2022,2,9,45,60,10,7595,1.31,2721,27654,539,38.93,1203,7.536
Rear Window,2022,3,5,40,40,13,1662,1.72,828,5949,140,28.13,359,7.384
Reavers of Midgard,2019,2,4,60,120,14,3186,2.92,998,7661,316,39.99,701,7.332
Rebel Princess,2023,3,6,30,40,8,2453,1.91,1164,12787,234,29.95,409,7.419
Rebirth,2024,2,4,45,60,10,3029,2,3447,12105,1070,48.98,644,7.756
Red Rising,2021,1,6,45,60,14,9078,2.32,1898,37212,739,49.95,1702,6.973
Red7,2014,2,4,5,30,9,16885,1.7,1580,127613,406,12.99,2834,6.863
Reef,2018,2,4,30,45,8,10202,1.82,2461,42039,384,34.97,1619,7.007
Regicide,2020,1,4,10,30,10,7421,1.96,2549,79856,793,17.49,1320,7.408
Reign of Cthulhu,2016,2,4,40,40,14,10777,2.16,2680,26663,794,39.99,1740,7.363
Renature,2020,2,4,45,60,8,2922,2.21,1397,9163,177,19.9,658,7.096
Res Arcana,2019,2,4,30,60,12,24524,2.65,6254,150864,1585,44.99,3546,7.625
Return to Dark Tower,2022,1,4,100,120,10,5345,2.65,3858,18619,1181,184.97,1119,8.222
Revive,2022,1,4,90,120,14,10959,3.45,6289,47081,1548,79.99,1438,8.098
Rex: Final Days of an Empire,2012,3,6,120,180,14,4554,3.29,1764,5233,384,274.81,1114,7.033
Rhino Hero,2011,2,5,5,15,5,11868,1.02,1385,71429,267,14.99,2271,6.895
Rhino Hero: Super Battle,2017,2,4,10,20,5,5740,1.09,1652,26293,193,29.99,1046,7.222
Ride the Rails,2020,3,5,45,60,12,2133,2.3,702,5331,117,20,446,7.136
Riftforce,2021,2,2,20,30,10,3247,2.11,957,13165,210,8,561,7.186
Rise of Tribes,2018,2,4,30,60,10,3248,2.2,1032,8483,416,50,873,7.077
Rising Sun,2018,3,5,90,120,14,22605,3.3,7745,36776,2272,82.99,3703,7.759
Risk Legacy,2011,3,5,60,60,13,8757,2.58,2717,29433,784,163.99,1896,7.35
Rivals for Catan,2010,2,2,45,60,10,8196,2.32,1031,18442,393,23.99,1591,6.937
River Valley Glassworks,2024,1,5,25,45,8,3729,1.51,1549,41873,420,74,701,7.293
Riverboat,2017,2,4,90,90,10,2872,2.94,727,7556,141,19.99,575,7.419
Robinson Crusoe: Adventures on the Cursed Island,2012,1,4,60,120,14,45682,3.83,13284,125987,4363,48.95,7656,7.731
Robo Rally,2016,2,6,20,120,12,3648,2.36,953,8290,150,49.95,696,6.949
Robot Quest Arena,2023,2,4,30,60,12,1487,2.15,1054,5494,255,59.95,345,7.697
Rock Hard: 1977,2024,2,5,45,90,14,2169,2.51,1739,6623,470,49.99,448,7.531
Roll for the Galaxy,2014,2,5,45,45,13,32983,2.78,8048,192506,1575,47.92,5052,7.574
Roll Player,2016,1,4,60,90,10,21833,2.42,5935,81095,1437,52.67,3425,7.428
Roll Player Adventures,2021,1,4,90,150,14,2211,2.36,2972,14715,656,98.99,583,8.14
Rolling Heights,2023,1,4,45,60,14,2109,2.56,1446,6912,301,64.94,415,7.471
Rolling Realms,2021,1,6,30,30,14,4701,1.98,1105,35412,334,25,833,7.128
Root,2018,2,4,60,90,14,59387,3.83,22851,214776,8055,47.2,8631,8.07
Royals,2014,2,5,60,60,10,2871,2.23,850,7047,122,39.95,653,7.18
Rumble Nation,2017,2,4,20,40,10,2283,1.82,1151,11421,206,39.99,458,7.405
Rummikub,1977,2,4,60,60,8,20730,1.71,638,129988,521,16.12,3902,6.507
Rune Stones,2019,2,4,60,60,10,2052,2.34,744,6215,107,44.7,411,7.245
Sabika,2022,1,4,60,120,14,2316,3.86,1206,7116,279,44.99,357,7.728
Saboteur,2004,3,10,30,30,8,35137,1.32,2421,99328,1027,12.99,5891,6.541
Sagrada,2017,1,4,30,45,14,45379,1.92,9482,295789,2320,35.75,6263,7.471
Sail,2023,2,2,20,20,11,3482,2.23,2565,20055,567,24,726,7.319
Salem 1692,2015,4,12,25,35,12,3023,2.1,1036,10588,308,24.99,729,7.111
Saltfjord,2024,1,4,45,90,14,1335,3.08,2592,4377,445,49.41,260,7.858
Salton Sea,2024,1,4,120,120,12,1691,3.84,983,4843,307,36,319,7.465
Santa Monica,2020,2,4,45,45,14,4792,2.14,1757,16248,298,93.07,823,7.142
Say Anything,2008,3,8,30,30,13,6352,1.09,1167,15834,149,23.25,1551,6.698
Scholars of the South Tigris,2023,1,4,60,90,12,3048,4.1,1453,12255,404,55,618,8.041
Schotten Totten,1999,2,2,20,20,8,13006,1.68,2519,83454,446,17.99,2304,7.365
Scotland Yard,1983,2,6,45,45,10,17720,1.94,1198,28696,459,64.99,3969,6.508
SCOUT,2019,2,5,20,20,9,23798,1.38,5174,167615,1425,22.99,2969,7.813
Scythe,2016,1,5,90,115,14,89793,3.45,25439,328201,10384,84,13170,8.115
Sea Salt & Paper,2022,2,4,30,45,8,17558,1.47,3524,252730,1425,13.81,2334,7.501
Seas of Strife,2015,3,6,45,45,10,2113,1.31,607,18900,102,16.97,480,7.331
Seasons,2012,2,4,60,60,14,26013,2.78,5563,104674,1374,69.92,4053,7.34
Secret Hitler,2016,5,10,45,45,13,32440,1.74,7666,140477,1979,45,4700,7.496
Sekigahara: The Unification of Japan,2011,2,2,180,180,14,6430,2.8,3508,13083,724,66.49,1624,7.995
Sentinels of the Multiverse: Definitive Edition,2022,1,5,30,60,8,1615,2.81,674,11259,270,79.99,376,8.16
Septima,2023,1,4,50,100,12,3223,3.68,2590,8253,970,20,795,7.376
SET,1988,1,20,30,30,6,13783,1.65,640,45623,314,12.99,3028,6.505
Set a Watch,2019,1,4,45,80,13,3834,2.42,1832,9953,817,29.71,824,7.251
Shackleton Base: A Journey to the Moon,2024,1,4,60,120,14,1949,3.78,2497,6379,474,82.3,351,8.041
Shadows of Brimstone: Swamps of Death,2014,1,4,90,180,12,2497,3.4,1031,5270,559,104.99,482,8.036
SHŌBU,2019,2,2,15,30,8,2163,1.88,1583,9146,185,34.95,503,7.481
Sheriff of Nottingham,2014,3,5,60,60,14,37146,1.66,6498,69922,1275,74.99,5596,7.054
Sheriff of Nottingham: 2nd Edition,2020,3,6,60,60,14,3644,1.69,1445,7414,217,44.95,573,7.223
Sherlock Holmes Consulting Detective: Carlton House & Queen's Park,2017,1,8,90,90,12,1516,2.26,1378,3847,118,55.98,357,7.752
Sherlock Holmes Consulting Detective: Jack the Ripper & West End Adventures,2016,1,8,60,120,10,6350,2.22,3275,13183,339,57.99,1141,7.562
Sherlock Holmes Consulting Detective: The Thames Murders & Other Cases,1981,1,8,60,120,13,22318,2.66,8199,42090,1416,58.88,4225,7.614
Shogi,1587,2,2,60,60,8,2021,3.79,563,5046,198,16.99,648,7.396
Sid Meier's Civilization: The Board Game,2010,2,4,120,240,13,16197,3.9,3106,23859,1332,160,2911,7.374
Sidereal Confluence,2017,4,9,120,180,14,5770,3.57,3471,12082,598,65.86,1336,7.772
Silver & Gold,2019,2,4,20,20,8,8692,1.2,1340,57868,301,9.99,1357,7.178
Similo,2019,2,8,10,15,7,7109,1.06,1246,134174,236,11.05,1942,6.815
Skulk Hollow,2019,2,2,40,40,8,2223,2.16,1736,5848,265,49.99,506,7.187
Skull King,2013,2,8,30,30,8,13300,1.72,2367,97916,718,19.99,2071,7.537
Sky Team,2023,2,2,20,20,10,23570,2.04,9275,235694,2895,30.19,2758,8.154
Skyjo,2015,2,8,15,45,8,5612,1.06,491,60116,197,19.95,717,6.664
Skymines,2022,1,4,75,150,12,3248,3.9,1973,8474,404,49.51,610,7.955
Skyrise,2024,2,4,30,90,14,2971,2.28,2499,8711,677,49.77,678,7.728
Slay the Spire: The Board Game,2024,1,4,30,150,12,8131,2.91,7264,45535,2239,113.59,1400,8.69
Sleeping Gods,2021,1,4,60,120,13,14625,3.25,16367,46850,3445,82.95,2803,8.13
Sleeping Gods: Distant Skies,2023,1,4,60,600,13,1555,2.96,2674,5796,655,84.93,548,8.437
Small World,2009,2,5,40,80,8,73732,2.35,10413,172895,4362,62.19,11344,7.197
Smart10,2017,2,8,20,120,10,3813,1.17,686,32054,123,21.99,408,7.463
Smartphone Inc.,2018,1,5,60,90,12,6985,2.79,2728,17506,351,53.82,1213,7.57
Smash Up,2012,2,4,45,45,12,28078,2.06,2488,76555,1546,27.06,4761,6.697
Smash Up: Science Fiction Double Feature,2014,2,2,30,45,12,4138,2.25,615,2616,120,25.29,555,7.255
Sniper Elite: The Board Game,2022,1,4,40,70,16,2156,2.42,2349,6861,345,45.15,492,7.765
Snowdonia,2012,1,5,30,90,10,5106,2.99,1342,18017,325,119.99,1320,7.314
So Clover!,2021,3,6,30,30,10,10605,1.12,2765,104849,399,24.99,1434,7.589
Sobek: 2 Players,2021,2,2,20,20,10,2819,1.93,1233,18294,201,34.94,467,7.159
Sons of Anarchy: Men of Mayhem,2014,3,4,90,90,13,3059,2.56,613,5126,222,44.99,780,7.231
Sorcerer City,2020,1,6,45,60,14,1631,2.28,718,5239,612,23,438,7.36
Space Alert,2008,1,5,30,30,12,16387,2.97,5455,66686,1069,99.95,3707,7.384
Space Base,2018,2,5,60,60,14,21861,2.13,5710,256649,1052,44.99,3277,7.539
Space Station Phoenix,2022,2,4,60,120,14,1744,3.05,1108,6194,160,75,354,7.373
SpaceCorp: 2025-2300AD,2018,1,4,60,240,12,2904,2.99,1787,8767,370,71.44,771,7.677
Spicy,2020,2,6,15,20,10,6900,1.33,1644,53075,379,17.99,921,7.153
Spirit Island,2017,1,4,90,120,13,58873,4.08,23844,390307,7768,64.99,9061,8.339
Splendor,2014,2,4,30,30,10,86491,1.78,10638,641644,4221,31.99,12219,7.419
Splendor Duel,2022,2,2,30,30,10,16392,2.01,4024,100413,1138,32.99,1950,7.892
Spots,2022,1,4,25,30,10,6296,1.3,2135,57795,429,21.99,970,7.15
Spyfall,2014,3,8,15,15,13,22064,1.23,3021,109223,508,33.53,3593,6.75
Spyfall 2,2016,3,12,15,15,13,3418,1.22,900,11264,88,29.68,610,6.805
Spyrium,2013,2,5,75,75,12,6441,2.9,1040,15095,205,99.99,1423,7.041
Star Realms,2014,2,2,20,20,12,46891,1.92,4965,468764,2807,17.47,7338,7.555
Star Realms: Colony Wars,2015,2,2,20,20,12,8608,1.9,880,32441,315,17.95,1188,7.788
Star Realms: Frontiers,2018,1,4,20,45,12,5865,1.89,1222,41001,540,23.94,1032,7.921
Star Trek: Fleet Captains,2011,2,4,90,120,14,3382,3.06,1694,6000,541,129.99,1005,7.467
Star Trek: Frontiers,2016,1,4,60,240,14,1945,4.34,2026,4217,464,80,602,7.838
Star Wars: Armada,2015,2,2,120,120,14,5632,3.16,1750,14200,866,120.24,1021,7.817
Star Wars: Destiny,2016,2,2,30,30,10,5591,2.45,565,69883,440,16.99,897,7.421
Star Wars: Imperial Assault,2014,2,5,60,120,14,25476,3.3,7448,96859,3397,89.97,3933,7.958
Star Wars: Jabba's Palace A Love Letter Game,2022,2,6,20,20,10,3277,1.21,442,17897,135,14.99,474,7.211
Star Wars: Legion,2018,2,2,120,180,14,2011,3.51,714,8753,370,149.99,349,8.006
Star Wars: Outer Rim,2019,1,4,120,180,14,14222,2.58,4604,37871,1422,80,2208,7.74
Star Wars: Rebellion,2016,2,4,180,240,14,34995,3.75,14452,55353,3801,109.99,5244,8.418
Star Wars: The Card Game,2012,2,2,30,60,10,5872,2.97,859,35114,833,74.98,1296,7.176
Star Wars: The Clone Wars,2022,1,5,60,60,14,4511,2.17,1474,15272,465,94.75,700,7.55
Star Wars: The Deckbuilding Game,2023,2,2,30,90,12,9388,2.04,2538,48411,991,30.39,1338,7.834
Star Wars: Unlock!,2020,1,6,60,60,10,3308,1.88,523,11284,73,23.77,651,7.058
Star Wars: X-Wing (Second Edition),2018,2,2,30,45,14,3283,3.09,530,23236,334,67.99,508,8.026
Star Wars: X-Wing Miniatures Game,2012,2,2,30,45,14,25354,2.5,2259,105223,3383,59.99,4139,7.626
Star Wars: X-Wing Miniatures Game  The Force Awakens Core Set,2015,2,2,30,45,14,3189,2.85,259,5547,136,34.99,488,7.719
Stardew Valley: The Board Game,2021,1,4,45,200,13,4301,2.76,3588,10781,880,74.16,936,7.412
Startups,2017,3,7,20,20,10,5842,1.59,2030,28923,305,19.27,964,7.189
Steam,2009,3,6,90,90,10,10401,3.45,2204,21440,483,54.99,2382,7.545
Steam Park,2013,2,4,60,60,10,6090,2.12,1255,11775,192,42.99,1249,6.82
Stella: Dixit Universe,2021,3,6,30,30,8,4281,1.16,1444,22921,227,31.9,691,7.294
Stone Age,2008,2,4,60,90,10,54761,2.46,10759,233640,2736,54.99,9033,7.516
Stonespine Architects,2024,1,5,45,60,10,2327,2.1,1100,15377,258,49.95,433,7.439
Stroganov,2021,1,4,90,90,12,2317,3.31,946,6250,643,72.95,622,7.282
Struggle of Empires,2004,2,7,180,240,13,4368,3.59,1345,6745,288,57.77,1585,7.534
Stuffed Fables,2018,2,4,60,90,7,7962,2.47,4799,27402,864,79.99,1598,7.424
Suburbia,2012,1,4,60,90,8,26066,2.76,6373,78614,1168,69.23,4534,7.464
Summer Camp,2021,2,4,30,45,10,2373,1.82,861,7566,168,31.81,509,7.113
Summoner Wars,2009,2,4,30,60,9,6735,2.34,1654,26640,682,90,1263,7.223
Summoner Wars (Second Edition),2021,2,2,40,60,9,4482,2.57,2698,21377,544,44.95,833,8.069
Summoner Wars: Master Set,2011,2,4,30,60,9,11100,2.52,2230,32384,753,90,2019,7.473
Super Fantasy Brawl,2022,2,4,30,40,14,2758,2.26,801,13411,455,50.06,559,7.561
Super-Skill Pinball: 4-Cade,2020,1,4,30,30,12,3364,2.2,1003,15380,170,26.31,675,7.048
Survive The Island,2024,2,5,45,45,8,2214,1.45,1051,10236,279,28.99,320,7.427
Sushi Go Party!,2016,2,8,20,20,8,38329,1.31,6268,161111,1456,21.99,5144,7.378
Sushi Go!,2013,2,5,15,15,8,50322,1.16,3078,266414,1488,11.99,7218,6.989
Sword & Sorcery,2017,1,5,60,90,12,5271,4.12,3952,17921,2898,73.46,1260,7.874
Sylvion,2015,1,2,30,30,10,3322,2.07,1398,13731,250,25.99,897,7.035
T.I.M.E Stories,2015,2,4,90,90,12,28395,2.59,6894,67600,1725,52,4396,7.359
Tabannusi: Builders of Ur,2021,1,4,120,120,14,1900,3.91,760,4637,193,34.95,416,7.288
Tainted Grail: The Fall of Avalon,2019,1,4,60,120,14,13542,3.36,6579,66946,3053,102.25,2921,8.046
Tajemnicze Domostwo,2013,2,7,30,60,8,5512,1.83,1021,20729,285,43.99,983,7.085
Take 5,1994,2,10,45,45,8,31365,1.19,2218,295052,709,13.5,6155,6.98
Tamashii: Chronicle of Ascend,2023,1,4,60,180,13,1202,3,1131,4318,388,84.18,359,8.091
Tapestry,2019,1,5,90,120,12,22023,2.96,7183,121526,2026,97.19,3559,7.438
Targi,2012,2,2,60,60,12,25595,2.34,6160,88847,1058,19.75,4120,7.596
Tekhenu: Obelisk of the Sun,2020,1,4,60,120,14,6332,4.07,2173,19365,579,72.99,1079,7.675
Telestrations,2009,4,8,30,30,12,19806,1.07,2540,79947,549,31.99,3175,7.378
Telestrations: 12 Player Party Pack,2011,4,12,30,30,12,3307,1.06,631,11656,102,44.99,582,7.737
Tenpenny Parks,2022,1,4,45,75,10,1692,2.14,1360,5085,218,59.95,316,7.407
Teotihuacan: City of Gods,2018,1,4,90,120,14,21364,3.77,5720,80807,1445,56.97,3071,7.845
Terra Mystica,2012,2,5,60,150,12,49937,3.98,14169,170491,4212,79.7,7196,8.039
Terracotta Army,2022,1,4,90,120,14,2062,3.35,969,4427,245,61.97,411,7.402
Terraforming Mars,2016,1,5,120,120,12,107994,3.27,25730,740148,11977,79.99,15194,8.347
Terraforming Mars: Ares Expedition,2021,1,4,45,60,14,19857,2.92,3459,86492,1238,48.09,3180,7.645
That's Not a Hat,2023,3,8,15,15,8,5374,1.06,1126,44008,251,9.99,770,7.029
That's Pretty Clever!,2018,1,4,30,30,8,26634,1.86,3268,346543,936,19.99,3617,7.559
The 7th Citadel,2024,1,4,5,1000,14,2127,2.98,2265,11816,971,224.99,904,8.44
The Adventures of Robin Hood,2021,2,4,60,60,10,4787,1.83,2484,24018,472,36.08,875,7.447
The Battle of Five Armies,2014,2,2,90,240,13,3118,3.59,2022,4534,472,76.57,745,7.835
The Big Book of Madness,2015,2,5,60,90,12,7113,2.68,1770,16702,334,99.95,1415,6.875
The Bottle Imp,1995,2,4,30,30,10,4116,1.87,615,12549,94,18.95,1379,6.73
The Captain Is Dead,2014,2,7,60,90,14,3548,2.4,2029,9909,345,48.47,900,7.053
The Castles of Burgundy,2011,2,4,30,90,12,66796,2.97,13425,410557,4643,399.99,10133,8.152
The Castles of Burgundy: The Dice Game,2017,1,5,15,30,10,4303,1.89,815,31210,169,59.95,905,6.863
The Castles of Tuscany,2020,2,4,45,60,10,3645,2.23,1251,14065,228,25,727,7.21
The Colonists,2016,1,4,30,360,12,4400,4.06,1595,10906,303,34.99,1051,7.538
The Crew: Mission Deep Sea,2021,2,5,20,20,10,22685,2.04,6384,272858,1451,14.95,2882,8.081
The Crew: The Quest for Planet Nine,2019,2,5,20,20,10,46164,1.96,5952,620042,1935,15.95,6071,7.771
The Fellowship of the Ring: Trick-Taking Game,2024,1,4,20,20,10,4929,1.95,2978,85577,1077,26.99,797,7.973
The Fox Experiment,2023,1,4,60,60,14,3027,2.57,1918,9160,410,58.73,657,7.331
The Fox in the Forest,2017,2,2,30,30,10,17421,1.59,3795,58310,715,15.99,3112,7.068
The Fox in the Forest Duet,2020,2,2,30,30,10,4113,1.76,1437,12863,196,18.99,800,6.979
The Gallerist,2015,1,4,60,150,13,15837,4.22,6646,38541,1389,103.99,2582,8.012
The Game,2015,1,5,20,20,8,13232,1.24,1183,113096,366,17.95,2234,6.715
The Gang,2024,3,6,20,20,10,4805,1.59,1859,56132,408,14.95,760,7.592
The Godfather: Corleone's Empire,2017,2,5,60,90,14,8231,2.64,2155,17342,531,119.99,1353,7.529
The Golden Ages,2014,2,4,60,90,12,2471,2.89,627,5868,120,39.25,649,7.246
The Great Split,2022,2,7,45,45,8,2179,2,862,9760,156,48.24,359,7.001
The Great Wall,2021,1,4,120,180,13,4849,3.93,2218,10810,733,109.29,1089,7.818
The Grizzled,2015,2,5,30,30,14,15301,1.98,2859,61702,635,13.73,2874,7.12
The Guild of Merchant Explorers,2022,1,4,45,45,14,7003,2.05,3588,50709,599,33.24,1090,7.648
The Hunters: German U-Boats at War. 1939-43,2013,1,2,120,120,12,1830,2.54,1098,5222,569,129.95,664,7.736
The Initiative,2021,1,4,30,60,8,2492,2.02,2988,21766,372,41.96,516,7.533
The Isle of Cats,2019,1,4,60,90,8,24026,2.36,7471,116983,1905,45.33,3717,7.642
The Isle of Cats: Explore & Draw,2022,1,6,30,45,10,1890,2.21,613,10622,105,23.07,363,7.366
The King Is Dead: Second Edition,2020,2,4,30,45,14,8024,2.16,2948,22460,559,35.25,1304,7.608
The Lord of the Rings: Duel for Middle-earth,2024,2,2,30,45,10,12887,2.06,5816,50401,2304,39.99,1720,8.375
The Lord of the Rings: Journeys in Middle-Earth,2019,1,5,60,120,14,17742,2.69,7957,114541,2567,104.98,2466,7.898
The Lord of the Rings: The Card Game,2011,1,2,30,60,13,24770,3.22,3879,285809,3825,59.99,4919,7.661
The Lord of the Rings: The Card Game  Revised Core Set,2022,1,4,30,90,14,3302,3.56,1490,40862,700,59.99,494,8.457
The Lost Expedition,2017,1,5,30,50,14,7715,1.87,2424,32774,599,21,1624,7.038
The Manhattan Project: Energy Empire,2016,1,5,60,120,13,6450,3.03,2505,19926,661,42.95,1211,7.732
The Mind,2018,2,4,20,20,8,35217,1.08,3337,200428,1064,13.49,4912,6.734
The Night Cage,2021,1,5,40,60,14,2978,2.14,2364,7900,521,73.99,589,7.116
The Pillars of the Earth,2006,2,4,90,120,12,18295,2.81,3521,32813,602,9.99,3915,7.26
The Princes of Florence,2000,1,5,75,100,12,15862,3.24,2494,30778,427,48.72,4145,7.498
The Quest for El Dorado: The Golden Temples,2019,2,4,30,60,10,1971,2.03,1001,5226,118,31.74,423,7.639
The Reckoners,2018,1,6,60,100,13,2220,2.71,1522,7300,493,118.99,513,7.656
The Red Cathedral,2020,1,4,80,80,10,14471,2.82,3063,50510,1004,33.87,1943,7.674
The Red Dragon Inn 2,2008,2,4,45,45,13,3328,1.79,599,4094,127,32.44,598,6.917
The Red Dragon Inn 2,2008,2,4,45,45,13,3328,1.79,601,4094,127,32.44,598,6.917
The Resistance,2009,5,10,30,30,13,42043,1.59,4349,169825,1845,24.99,7117,7.2
The Resistance: Avalon,2012,5,10,30,30,13,35489,1.74,5099,146302,1785,24.99,5212,7.5
The Rich and the Good,2008,3,5,45,45,10,2608,2.15,967,6390,125,35.64,655,7.151
The Rose King,1992,2,2,30,30,10,3893,1.94,548,18260,108,19.95,953,6.816
The Search for Lost Species,2023,1,4,60,75,13,1672,2.97,1452,6142,275,31.5,326,7.79
The Search for Planet X,2020,1,4,60,75,13,14531,2.43,6408,57788,1072,40.67,1997,7.913
The Taverns of Tiefenthal,2019,2,4,60,60,12,16135,2.68,4737,67184,1126,69.99,2090,7.576
The Vale of Eternity,2023,2,4,30,45,14,7688,2.14,3668,42917,855,30.12,1077,7.612
The Werewolves of Miller's Hollow,2001,8,18,30,30,10,12444,1.31,706,45472,413,25,2296,6.685
The Witcher: Old World,2023,1,5,90,150,14,7851,2.88,3528,18241,2216,84.95,1519,7.926
The Wolves,2022,2,5,75,75,14,4242,2.81,2322,13788,570,89.95,623,7.267
Things in Rings,2024,2,6,20,20,6,2158,1.38,1029,19859,141,24,393,7.158
This War of Mine: The Board Game,2017,1,6,45,120,18,14108,3.33,6621,28377,1865,65.88,2616,7.766
Through the Ages: A New Story of Civilization,2015,2,4,120,120,14,33740,4.44,9899,144956,2581,79.99,4989,8.261
Thunder Alley,2014,2,7,90,90,10,3670,2.39,957,11645,282,65.9,915,7.29
Thunder Road: Vendetta,2023,2,4,45,75,10,6133,1.95,4400,22835,921,349.79,1041,7.939
Thunderstone Advance: Towers of Ruin,2012,1,5,45,45,12,4793,2.74,873,12479,432,115,1087,7.317
Ticket to Ride Legacy: Legends of the West,2023,2,5,20,90,10,5283,2.58,3587,61837,759,110.58,787,8.669
Ticket to Ride: Europe,2005,2,5,30,60,8,82049,1.92,7107,273518,3377,47.99,11267,7.527
Ticket to Ride: London,2019,2,4,10,15,8,5479,1.34,588,26998,143,25.99,988,7.059
Ticket to Ride: New York,2018,2,4,10,15,8,7459,1.27,591,34400,174,27.99,1312,6.891
Ticket to Ride: Rails & Sails,2016,2,5,60,120,10,5082,2.48,1567,15460,221,76.98,876,7.435
Tidal Blades: Heroes of the Reef,2020,1,4,60,90,14,3221,2.94,2017,7718,821,104,791,7.458
Tikal,1999,2,4,90,90,10,21082,2.78,3731,41546,728,64.9,4744,7.321
Tiletum,2022,1,4,60,100,14,6198,3.39,2791,20447,707,53.59,949,7.867
Time of Crisis: The Roman Empire in Turmoil. 235-284 AD,2017,2,4,120,180,14,2352,3.05,1061,7016,235,79.95,624,7.577
Time's Up!,1999,4,18,90,90,12,6125,1.2,1003,19696,133,19.99,1251,7.284
Time's Up! Title Recall!,2008,4,18,60,60,12,3707,1.19,1119,15821,93,19.95,824,7.681
Tiny Epic Dinosaurs,2020,1,4,30,60,14,4011,2.62,1090,9974,686,29.52,822,7.293
Tiny Epic Dungeons,2021,1,4,30,60,14,5210,3.09,2191,16799,2769,31.9,1110,7.461
Tiny Epic Galaxies,2015,1,5,30,45,14,21736,2.16,4462,73702,1673,22.95,3727,7.326
Tiny Epic Kingdoms,2014,2,5,30,45,13,7893,2.09,1189,15544,821,25.5,2027,6.542
Tiny Epic Quest,2017,1,4,30,60,14,7908,2.68,1986,16056,884,45.92,1764,6.954
Tiny Epic Quest,2017,1,4,30,60,14,7916,2.68,1985,16065,884,29.99,1766,6.953
Tiny Towns,2019,1,6,45,60,14,21299,2.06,5712,100667,1072,39.99,3108,7.199
Tokaido,2012,1,5,45,45,8,27746,1.74,5818,86005,1429,37,4659,6.915
Too Many Bones,2017,1,4,60,120,12,15886,3.87,12583,80318,3572,154.8,2723,8.316
Too Many Bones: Undertow,2018,1,2,60,180,12,3773,4.04,1421,8904,739,99.95,626,8.668
Tortuga 1667,2017,2,9,20,40,12,4007,2.02,1005,8933,343,24.99,1002,6.888
Tower Up,2024,2,4,30,45,8,1792,1.86,1165,8989,196,35.83,331,7.351
Tragedy Looper,2011,2,4,120,120,13,4731,3.55,1529,8568,322,44.04,1136,7.182
Trails,2021,2,4,20,40,10,4294,1.85,1383,11092,364,29.85,767,7.041
Tranquility,2020,1,5,15,20,8,3779,1.34,1251,37647,291,14.99,713,6.942
TransAmerica,2001,2,6,30,30,13,8403,1.35,798,41879,137,32.91,2550,6.69
Trapwords,2018,4,8,30,45,8,3551,1.43,973,9508,128,35,605,6.991
Treasure Island,2018,2,5,45,45,10,6844,2.21,3544,13582,374,52.79,1085,7.206
Trekking the World,2020,2,5,30,60,10,3373,1.92,1153,11828,227,38.99,707,7.051
Trekking Through History,2022,1,4,30,60,10,5967,1.74,3316,23337,580,49.9,994,7.55
Tribes of the Wind,2022,2,5,40,90,14,2977,2.65,1912,9827,351,32.5,482,7.33
Trickerion: Legends of Illusion,2015,2,4,60,180,14,12040,4.26,4329,26281,1338,65,2002,7.97
Trio,2021,3,6,15,15,6,8584,1.05,1811,167268,514,14.99,1403,7.387
Trismegistus: The Ultimate Formula,2019,1,4,90,120,14,3768,4.18,1366,10725,331,65.95,799,7.561
Tsuro,2005,2,8,15,20,8,29916,1.22,4443,147838,1079,34.95,5766,6.667
Turing Machine,2022,1,4,20,20,14,9288,2.5,4463,116796,932,39.99,1372,7.638
Twice as Clever!,2019,1,4,30,30,10,9774,2.28,1097,98928,279,20.47,1426,7.426
Twilight Imperium: Fourth Edition,2017,3,6,240,480,14,26686,4.34,12449,49484,3546,172.29,3972,8.572
Twilight Imperium: Third Edition,2005,3,6,180,240,14,19460,4.26,4365,26133,2161,159.99,4463,7.786
Twilight Inscription,2022,1,8,90,120,14,4768,3.21,2074,13887,497,49.69,746,7.434
Twilight Struggle,2005,2,2,120,180,13,50906,3.61,12794,133314,5372,64.5,10389,8.235
Tyrants of the Underdark,2016,2,4,60,60,14,10213,2.54,3415,33149,821,44.5,1391,7.913
TZAAR,2007,2,2,30,60,13,4060,2.49,1730,19149,226,34.88,1069,7.667
Tzolk'in: The Mayan Calendar,2012,2,4,90,90,13,41310,3.66,9529,131173,2277,59.95,5951,7.85
UBOOT: The Board Game,2019,1,4,30,120,12,2203,4.15,1798,3782,651,179.95,678,7.552
Ulm,2016,2,4,45,75,10,3452,2.69,722,10083,115,20,750,7.011
Unconscious Mind,2024,1,4,60,120,12,5020,4,4810,14901,2074,66.38,1083,7.932
Undaunted: Normandy,2019,2,2,45,60,14,13381,2.26,4633,53996,1175,33.6,2010,7.779
Undaunted: North Africa,2020,2,2,45,60,14,4369,2.31,1817,12848,413,38.73,865,7.766
Underwater Cities,2018,1,4,80,150,12,21742,3.58,8272,83875,1562,59.43,3030,8.045
Unfathomable,2021,3,6,120,240,14,6562,3.12,3903,12924,777,75.84,1112,7.477
Unlock!: Epic Adventures,2019,1,6,60,60,10,2688,2.09,498,8738,54,29.8,495,7.665
Unlock!: Escape Adventures  Squeek & Sausage,2017,1,6,45,75,10,3090,2.05,199,3905,29,25,583,7.154
Unlock!: Escape Adventures  The Formula,2017,1,6,45,75,10,2917,2.29,206,3923,31,29.99,511,6.981
Unlock!: Exotic Adventures,2018,1,6,60,90,10,2442,2.2,385,7341,45,36.99,446,7.285
Unlock!: Game Adventures,2021,1,6,30,60,10,1660,2.31,602,7025,78,39.99,315,7.893
Unlock!: Secret Adventures,2017,1,6,60,60,10,3057,2.11,434,8260,72,29.59,522,7.509
Unlock!: Timeless Adventures,2019,1,6,60,90,10,2936,1.96,662,8639,84,39.99,521,7.741
Unmatched Adventures: Tales to Amaze,2023,1,4,20,60,9,3595,2.27,1687,14440,553,59.95,588,7.991
Unmatched: Cobble & Fog,2020,2,4,20,40,9,8943,1.97,2298,21711,580,49.99,1027,7.94
Unmatched: Hell's Kitchen,2022,2,3,20,40,14,1308,2.18,523,2171,98,34.95,196,8.207
Unmatched: Redemption Row,2022,2,3,20,40,14,1376,2,524,2082,101,29.99,186,8.201
Unmatched: Slings and Arrows,2024,2,4,20,40,9,830,2.38,487,1748,89,38.49,141,8.46
Unsettled,2021,2,4,60,90,14,3470,3.27,3765,13764,905,399.99,945,8.088
Unstoppable,2025,1,2,30,90,14,902,3.14,1639,5296,410,45.37,249,8.402
Vaalbara,2022,2,5,20,20,10,2582,1.73,1539,13681,233,20.99,390,7.192
Vagrantsong,2022,2,4,45,120,14,2495,3.21,3356,10568,509,57.61,649,7.465
Valeria: Card Kingdoms,2016,1,5,30,45,13,6214,1.96,1679,29536,626,35,1271,7.437
Vanuatu,2011,2,5,90,90,12,2848,3.29,620,5786,127,59.95,630,7.221
Vasco da Gama,2009,2,4,60,120,12,4631,3.23,861,8533,170,119,1082,7.21
Vast: The Mysterious Manor,2019,1,5,60,120,13,1586,3.72,1141,3142,290,41.38,430,7.41
Vegas Showdown,2005,3,5,75,75,12,6482,2.36,869,19276,129,76.44,2132,7.145
Verdant,2022,1,5,45,60,10,6522,2.07,2365,36702,705,39.69,1240,7.289
Via Nebula,2016,2,4,45,60,12,4759,2.25,1284,13177,176,29.99,970,7.01
Viceroy,2014,1,4,45,60,13,5756,2.64,618,13864,317,29,1429,6.784
Village,2011,2,4,60,90,12,24044,3.06,4034,52047,1003,83.08,3842,7.486
Vindication,2018,2,5,45,150,14,7971,3.09,3593,22328,1252,124.45,1667,7.781
Vinhos: Deluxe Edition,2016,1,4,90,180,12,7591,4,3531,17456,706,95.99,1286,8.07
Viral,2017,1,5,60,90,12,3311,2.57,1139,6066,125,34.74,641,6.93
Virgin Queen,2012,2,6,420,420,12,1839,4.44,1238,3225,350,72.73,612,7.993
Virgin Queen,2012,2,6,420,420,12,1839,4.44,1235,3228,350,71.24,612,7.993
Viscounts of the West Kingdom,2020,1,4,60,90,12,10895,3.46,3188,38957,870,34.97,1657,7.808
Viticulture,2013,2,6,90,90,13,14996,2.94,4050,43985,952,52,1978,7.474
Viticulture Essential Edition,2015,1,6,45,90,13,52887,2.89,13118,191305,3412,52,6959,7.969
Voidfall,2023,1,4,90,240,15,5654,4.59,6131,20136,2220,120,1240,8.532
Wabash Cannonball,2007,2,6,30,60,12,8560,2.78,1282,26647,318,38.47,2619,7.252
Wallenstein,2002,3,5,150,150,12,3685,3.3,864,7435,86,99.95,1326,7.461
Wallenstein (Second Edition),2012,3,5,90,120,12,1397,3.24,814,1966,96,99.95,373,7.577
Wandering Towers,2022,2,6,30,30,8,5099,1.61,2616,29997,424,44.25,872,7.355
War Chest,2018,2,4,30,30,14,11639,2.31,4135,69601,988,48.44,1752,7.828
War of the Ring,2004,2,4,120,120,12,10890,3.85,2282,14544,883,96.81,3067,7.779
War of the Ring: Second Edition,2011,2,4,150,240,13,23752,4.22,12412,42493,3419,94.71,4063,8.548
War of the Ring: The Card Game,2022,2,4,90,120,13,4331,2.99,2310,13412,722,38.78,733,7.643
Warfighter: The Tactical Special Forces Card Game,2014,1,6,30,180,0,1418,2.74,771,5341,339,89.99,474,7.675
Warfighter: The WWII Tactical Combat Card Game,2016,1,6,30,90,14,1302,3.18,643,5189,272,56.75,337,7.866
Warhammer Quest: Blackstone Fortress,2018,1,5,120,180,12,1507,2.87,782,4486,344,186.95,348,7.794
Warhammer Underworlds: Shadespire,2017,2,2,30,30,12,2949,2.52,707,16222,310,74.95,523,7.591
Warp's Edge,2020,1,1,30,45,10,4065,2.4,2300,23109,571,30.93,850,7.676
Warrior Knights,2006,2,6,120,240,12,4102,3.51,1035,4282,237,149.99,1237,6.867
Washington's War,2010,2,2,90,90,0,2708,2.88,1127,5969,280,73.97,973,7.604
Wasteland Express Delivery Service,2017,2,5,90,120,13,3706,2.96,1961,6865,426,59.95,847,7.304
Watergate,2019,2,2,30,60,12,13386,2.27,4798,39889,721,29.95,1983,7.739
Wavelength,2019,2,12,30,45,14,16450,1.11,4525,53315,660,31.49,2254,7.224
Wayfarers of the South Tigris,2022,1,4,60,90,13,5986,3.81,2487,22553,697,49.37,1033,7.791
Weather Machine,2022,2,4,60,150,14,3803,4.56,3141,11347,905,111.99,887,7.743
Welcome Back to the Dungeon,2016,2,4,30,30,10,4705,1.3,659,8533,107,14.99,837,6.697
Welcome to Everdell,2022,1,4,30,30,6,1726,1.87,1057,9127,290,45,348,7.521
Welcome to the Dungeon,2013,2,4,30,30,10,14836,1.23,1624,42012,326,12.94,2499,6.531
Welcome to the Moon,2021,1,6,25,30,10,8461,2.45,3665,81134,677,44.99,1153,7.889
Welcome To...,2018,1,100,25,25,10,33479,1.84,5528,305004,1460,43.49,4323,7.514
Wendake,2017,1,4,60,120,14,2359,3.58,710,5207,162,118.99,492,7.459
Werewords,2017,4,10,10,10,8,5849,1.16,1169,65545,185,17.94,1042,7.111
Werewords Deluxe Edition,2018,2,20,10,10,8,2242,1.32,633,24318,118,29.94,423,7.551
Western Legends,2018,2,6,60,90,14,12386,2.85,5521,25910,1505,220.18,2194,7.606
When I Dream,2016,4,10,20,40,8,6021,1.19,1657,15052,229,34.99,1067,6.931
Whirling Witchcraft,2021,2,5,15,30,14,1955,1.84,763,12039,152,35.61,364,7.172
Whistle Mountain,2020,2,4,60,90,14,3716,3.01,1844,8786,239,60.68,665,7.54
Whistle Stop,2017,2,5,75,75,13,3736,2.76,1203,9678,183,43.65,772,7.042
Whitehall Mystery,2017,2,4,45,60,13,4488,2.13,2407,11250,290,22.69,830,7.522
Wildlands,2018,2,4,30,60,14,3698,2.24,1948,11343,320,61.27,804,7.271
Wingspan,2019,1,5,40,70,10,105678,2.47,20695,768920,10360,55,14059,8.014
Wingspan Asia,2022,1,2,40,70,10,8661,2.67,3403,25598,741,45,1205,8.236
Witchcraft!,2023,1,1,20,40,10,1977,2.47,2044,7673,523,23.99,411,7.678
Witchstone,2021,2,4,60,90,12,3750,2.76,1387,12832,227,35.63,609,7.509
Wits & Wagers,2005,3,7,25,25,10,15815,1.21,1990,56556,325,40.98,3651,6.928
Wondrous Creatures,2024,1,4,40,80,14,3128,3.02,4859,12138,1639,65,613,8.077
Woodcraft,2022,1,4,60,120,12,5721,3.82,2907,19915,574,56.63,888,7.604
World of Warcraft: Wrath of the Lich King,2021,1,5,45,60,14,3535,2.29,956,7621,332,44.95,588,7.382
World Wonders,2023,1,5,50,70,12,5879,2.26,2794,22742,640,42.98,864,7.629
World's Fair 1893,2016,2,4,35,45,10,4210,2.03,1072,12702,328,37.99,970,7.148
Wyrmspan,2024,1,5,90,90,14,11976,2.81,5752,47916,2190,65,1794,7.989
XenoShyft: Onslaught,2015,1,4,30,60,13,3913,2.62,1208,9278,348,89.98,963,6.892
Yedo: Deluxe Master Set,2020,1,5,60,90,12,1923,3.21,717,5206,262,199.98,518,7.917
YINSH,2003,2,2,30,60,9,9552,2.64,3703,36681,467,40,2322,7.71
Ys,2004,2,4,90,90,12,2636,2.92,470,3983,42,99.99,939,6.897
Yspahan,2006,2,4,45,60,8,8227,2.37,1147,30747,178,44.95,2246,7.05
Zenith,2025,2,4,25,35,12,1477,2.39,1086,12306,260,30.87,225,7.952
ZhanGuo,2014,2,4,60,120,12,3331,3.82,937,7414,180,70,744,7.542
Zhanguo: The First Empire,2023,1,4,60,120,14,1104,3.82,740,2851,172,69.99,208,7.972
Zombicide Season 2: Prison Outbreak,2013,1,6,60,60,13,4831,2.67,714,6647,438,169.95,758,7.341
Zombicide: Black Plague,2015,1,6,60,180,14,16991,2.47,4657,46598,1850,95.99,2596,7.604
Zombicide: Invader,2019,1,6,60,60,14,2855,2.35,802,9435,515,199.95,636,7.753
Zombicide: Undead or Alive,2022,1,6,60,60,14,1471,2.44,438,6890,277,104.98,362,7.996
Zombie Kidz Evolution,2018,2,4,15,15,7,5788,1.37,1377,79853,379,24.99,1041,7.588
Zombie Teenz Evolution,2020,2,4,20,20,8,2197,1.39,556,29827,159,22.24,378,7.624
Zoo Vadis,2023,3,7,20,40,10,3765,2.11,3336,11435,569,54,819,7.505
Zooloretto,2007,2,5,45,45,8,15528,1.86,1639,48752,302,40.72,3813,6.788
