Country_of_Origin,Harvest_Year,Aroma,Flavor,Aftertaste,Acidity,Body,Balance,Uniformity,Clean_Cup,Sweetness,Cupper_Points,Moisture,farm_altitude_mean_meters,Total_Cup_Points
Haiti,2012,6.75,6.58,6.42,6.67,7.08,6.67,9.33,6,6,6.42,0.14,464.5152,67.92
Mexico,2012,7.08,6.83,6.25,7.42,7.25,6.75,10,0,10,6.75,0.11,900,68.33
Honduras,2014,7,6.17,6.17,6.67,6.5,6.17,8,8,8,6.5,0.1,1450,69.17
Honduras,2014,7,6.33,6.17,6.5,6.67,6.17,8,8,8,6.33,0.1,1450,69.17
Honduras,2014,6.67,6.5,6.17,6.67,6.83,6.17,8,8,8,6.33,0.1,1450,69.33
Mexico,2014,6.92,7,6.83,6.92,7.42,6.92,6,6,10,6.75,0.12,1000,70.75
Mexico,2012,6.5,6.67,6.42,7.17,7.33,6.5,8,6,10,6.42,0.11,1800,71
Mexico,2012,6.92,6.92,6.92,6.92,7.17,7,10,2.67,10,6.58,0.12,800,71.08
Costa Rica,2014,6.33,6.5,6.33,6.83,6.33,6.5,10,6.67,10,6.25,0.11,1200,71.75
Haiti,2010,6.92,6.75,7.08,7.17,7.33,6.67,10,5.33,8.67,6.42,0.08,1020,72.33
Mexico,2014,7.08,7.08,6.92,7.08,6.92,6.92,8,8,8,6.92,0,1200,72.92
Honduras,2014,7,7.17,6.83,7.17,7,7.17,8,8,8,7.08,0.11,1350,73.42
Mexico,2012,7.67,7,7.17,7.58,7.33,7.33,10,2.67,10,7.08,0.12,1250,73.83
Mexico,2012,6.92,6.42,6.17,7.33,7.25,6.75,10,6.67,10,6.5,0.13,1200,74
Guatemala,2013,6.5,6.33,6.5,7.5,7.33,6.83,8.67,10,8.67,6,0.11,371.61216,74.33
Mexico,2012,7,6.58,6.67,6.83,7.08,6.83,10,6.67,10,6.67,0.14,1140,74.33
Mexico,2013,7.08,7,6.83,7.5,7.33,6.83,8,7.33,10,6.75,0.12,1700,74.67
Mexico,2012,7.33,6.75,6.67,7.25,7.5,7,10,5.33,10,7,0.12,1250,74.83
Mexico,2012,7.08,6.75,6.58,7,7,6.75,8.67,8.67,10,6.42,0.17,1500,74.92
Mexico,2012,7,6.92,6.75,6.92,7.17,6.83,10,6.67,10,6.75,0.14,850,75
Mexico,2012,7.17,6.92,6.67,6.83,7.25,7.75,10,6,10,6.58,0.11,1200,75.17
Mexico,2012,7.25,6.83,6.67,7.08,7.17,6.83,10,6.67,10,6.67,0.12,1100,75.17
Mexico,2012,7.17,7.17,6.83,7.17,7.42,6.67,8.67,7.33,10,6.75,0.13,1280,75.17
Mexico,2012,7.5,7.25,6.92,7,7.17,6.83,8,8,10,6.83,0.11,1100,75.5
Guatemala,2012,7.92,7.58,7.17,7.58,7.33,7.17,8,8,8,6.83,0.11,371.61216,75.58
Philippines,2012,6.83,6.5,6.5,6.92,6.75,7,9.33,10,9.33,6.67,0.12,1000,75.83
Honduras,2014,6.83,6.83,6.67,6.83,7,6.83,9.33,8.67,10,7,0.11,1350,76
Mexico,2012,7.08,6.83,6.83,7.17,7.17,7.08,10,7.33,10,6.58,0.12,1250,76.08
Indonesia,2011,7.33,7,6.5,6.08,7.58,6.33,9.33,10,9.33,6.67,0.12,3500,76.17
Mexico,2012,7.42,7,6.83,7.08,6.92,6.83,7.33,10,10,6.75,0.16,1400,76.17
Guatemala,2012,7.5,7,6.83,7.5,7.17,7.33,8.67,8.67,8.67,7,0.11,371.61216,76.33
Mexico,2012,7.17,6.58,6.58,7,7.25,6.58,9.33,9.33,10,6.58,0.13,1100,76.42
Mexico,2008,6.67,6.33,6.42,6.83,7,6.92,10,10,10,6.58,0,1200,76.75
Peru,2014,7.42,7.75,7.42,7.67,7.92,7.83,8.67,5.33,9.33,7.67,0,1200,77
Mexico,2012,7.08,7,7,7.25,7.33,7.25,8.67,8.67,10,6.92,0.12,1200,77.17
United States,2014,7.33,7.33,7.17,7.42,7.5,7.17,9.33,9.33,7.42,7.17,0,795,77.17
Haiti,2013,6.83,6.83,6.83,6.75,6.92,6.92,9.33,10,10,6.83,0.1,825,77.25
Brazil,2017,7.5,7.33,7.42,7.58,7.58,6.92,8,8,10,7,0,890,77.33
Guatemala,2014,7.33,7,6.83,7.17,7.17,7.17,9.33,9.33,9.33,6.67,0.1,250,77.33
Mexico,2012,7.33,7,6.67,7,6.92,6.92,9.33,9.33,10,6.83,0.15,1500,77.33
Guatemala,2013,7.08,6.92,6.33,7,6.92,7,10,10,10,6.17,0.11,371.61216,77.42
Mexico,2012,7.17,6.75,6.58,6.75,6.83,6.75,10,10,10,6.67,0.13,1300,77.5
Taiwan,2012,7.17,6.75,6.58,7.33,7.33,7.17,9.33,9.33,10,6.67,0.11,775,77.67
Guatemala,2013,7,6.83,6.67,7.17,6.83,6.83,10,10,10,6.5,0.11,371.61216,77.83
Nicaragua,2016,7.42,7,7,7.17,7.08,7,9.33,8.67,10,7.17,0.1,1000,77.83
Costa Rica,2014,7.5,7.25,7.42,7,7.08,6.83,8.67,9.33,10,6.83,0.12,1200,77.92
Mexico,2012,7.42,7.25,7,7,7.25,7.08,8,10,10,6.92,0.11,1248,77.92
China,2013,7.33,7.17,6.92,7.08,7.33,7,9.33,9.33,9.33,7.17,0.1,1200,78
Guatemala,2014,7.42,7.25,6.83,7.33,7,6.92,9.33,9.33,9.33,7.25,0.1,250,78
Guatemala,2013,7,6.83,6.83,7.17,6.67,6.83,10,10,10,6.67,0.11,371.61216,78
Honduras,2014,6.83,7,6.67,7,7,6.83,10,10,10,6.67,0.11,1350,78
Mexico,2012,7.25,7.33,7,7,7.25,7.08,10,10,8,7.08,0.12,850,78
Taiwan,2016,7.5,7.08,7.33,7.17,7.5,7.5,6.67,10,10,7.25,0,650,78
Ecuador,2016,7.5,7.67,7.75,7.75,5.17,5.25,10,10,8.42,8.58,0,427.353984,78.08
Mexico,2012,7.08,6.83,6.67,7.25,7.25,6.92,10,9.33,10,6.75,0.11,1050,78.08
Indonesia,2016,6.92,6.83,6.92,6.92,6.92,6.83,10,10,10,6.83,0.13,1300,78.17
Guatemala,2014,7.17,6.5,6.67,7,7.17,7.17,10,10,10,6.67,0.1,200,78.33
Guatemala,2012,7.17,7.17,6.5,7.17,7,6.83,10,10,10,6.5,0.11,371.61216,78.33
Mexico,2012,7.25,7.25,7,7.5,7.33,7.42,8,9.33,10,7.75,0.13,1300,78.33
Mexico,2012,7.58,7.17,7,7.17,7.33,7,8,10,10,7.17,0.14,1500,78.42
Mexico,2014,7.25,6.75,6.92,6.92,7.25,7.58,9.33,9.33,10,7.17,0,1600,78.5
Mexico,2012,7.08,6.83,6.83,7,7,6.92,10,10,10,6.83,0.12,1400,78.5
Mexico,2012,7.25,7.17,7,6.83,7.58,7.08,8.67,10,10,6.92,0.13,1200,78.5
Guatemala,2014,7.33,7.17,6.92,7.58,7.25,7.17,8.67,9.33,10,7.17,0.12,200,78.58
Mexico,2012,7,7,6.75,7.33,6.92,6.92,10,10,10,6.67,0.13,1400,78.58
Mexico,2012,7.92,7.58,7.58,7.92,7.92,7.5,8,6.67,10,7.5,0.1,1300,78.58
Taiwan,2013,6.83,6.75,7.17,7.25,7,6.92,10,10,10,6.67,0.1,800,78.58
China,2013,7,6.92,6.83,7.17,7.17,7.17,10,10,9.33,7.08,0,1850,78.67
Mexico,2012,6.92,6.92,6.67,7.25,7.17,6.92,10,10,10,6.83,0.13,1150,78.67
Guatemala,2013,7.33,7.08,6.33,7.25,7,7,10,10,10,6.75,0.12,371.61216,78.75
Mexico,2012,7.25,6.83,6.83,7,7.17,7,10,10,10,6.67,0.14,1320,78.75
Mexico,2012,7.25,7.33,7.17,7.25,7.08,7,8.67,10,10,7,0.14,1250,78.75
Mexico,2012,7.67,7.17,6.83,7.33,7.58,7.17,9.33,10,8.67,7,0.12,1350,78.75
Nicaragua,2016,7.17,7,6.92,7,7,7,10,10,10,6.75,0.1,1100,78.83
Mexico,2013,7.33,7,6.75,7.08,7.17,7.25,9.33,10,10,7,0.12,1300,78.92
Mexico,2012,7.5,7,6.92,7.08,6.92,6.75,10,10,10,6.75,0.16,1400,78.92
Guatemala,2014,7.33,7.17,6.58,7.42,7.08,6.83,10,10,10,6.58,0.12,200,79
Honduras,2014,7,7,7,7,7,7,10,10,10,7,0.11,1350,79
Mexico,2012,6.75,7.08,6.67,7.25,7.17,7.08,10,10,10,7,0.12,1300,79
Mexico,2012,7.5,7.17,6.92,7.5,7.25,7,8.67,10,10,7,0.14,1550,79
Mexico,2012,7.17,6.83,6.83,7.25,7.17,6.92,10,10,10,6.83,0.14,422.708832,79
Peru,2012,7.67,7.17,7.08,7.25,8,7.5,8.67,9.33,9.33,7,0,1400,79
Guatemala,2017,7.58,7.67,7.42,7.42,7.67,7.67,8.67,8.67,8.67,7.67,0.1,1700,79.08
Mexico,2012,7.33,7,6.92,7.25,7.33,7.08,9.33,10,10,6.83,0.16,1500,79.08
Mexico,2012,7.25,7.08,6.75,7.33,7.42,7,9.33,10,10,6.92,0.11,1100,79.08
Mexico,2012,7.17,7.25,7.25,7.17,7.25,7.08,9.33,9.33,10,7.25,0.1,1200,79.08
United States (Puerto Rico),2013,7.42,7.08,6.75,7.33,7.33,6.92,10,9.33,10,6.92,0.13,1,79.08
Guatemala,2017,7.33,7.42,7.33,7.42,7.5,7.42,8.67,9.33,9.33,7.42,0.1,200,79.17
Guatemala,2016,7.08,7,6.92,7.42,7,6.92,10,10,10,6.83,0.11,1320,79.17
Guatemala,2015,7.25,7.17,6.75,7.25,7,6.92,10,10,10,6.83,0.11,1550,79.17
Honduras,2017,7.58,7,6.75,6.92,7,6.92,10,10,10,7,0.11,1650,79.17
Mexico,2012,7.25,7.08,6.92,7.08,7.17,7.17,9.33,10,10,7.17,0.14,1550,79.17
Mexico,2012,7.17,6.92,6.92,7.08,7.17,7,10,10,10,6.92,0.14,1450,79.17
Mexico,2008,6.75,6.75,6.83,7.25,7.58,7.08,10,10,10,6.92,0.01,1200,79.17
Mexico,2012,7,7,6.92,7.17,7.17,7.08,10,10,10,6.92,0.13,1000,79.25
Taiwan,2014,7.08,6.83,6.83,7.25,7.42,7.08,10,10,10,6.75,0.11,850,79.25
Colombia,2013,7.42,7.25,6.75,7.25,7.42,7.25,9.33,9.33,10,7.33,0,1200,79.33
Cote d?Ivoire,2016,7.42,7.25,6.83,7,7.33,7.08,9.33,10,10,7.08,0.13,442,79.33
Mexico,2012,7,7,6.83,7.33,7.42,6.92,10,10,10,6.83,0.14,950,79.33
Mexico,2012,7.42,7.17,7.08,7.17,7.08,7.08,9.33,10,10,7,0.14,750,79.33
United States,2012,7.92,7.5,7.42,7.42,7.42,7.42,9.33,10,7.58,7.33,0,3000,79.33
Guatemala,2013,7.08,7.33,7.25,7.58,7.33,7.42,9.33,9.33,9.33,7.42,0.1,185.80608,79.42
Guatemala,2014,7.25,7.33,6.83,7,7,7.17,10,10,10,6.83,0.1,200,79.42
Mexico,2012,7,6.83,6.83,7.42,7.33,7.17,10,10,10,6.83,0.13,800,79.42
Colombia,2013,7.83,7.5,7.42,7.42,7.67,7.5,10,6.67,10,7.5,0,1550,79.5
Mexico,2012,7.25,7.08,6.92,7.25,7.58,7.08,9.33,10,10,7,0.12,1550,79.5
Mexico,2012,7.25,7.33,7,7.25,7.17,7.17,9.33,10,10,7,0.12,1100,79.5
Nicaragua,2015,6.92,6.92,7,7.42,7.25,7,10,10,10,7,0.12,1050,79.5
Taiwan,2014,6.92,7,7.17,7,7.42,7,10,10,10,7,0,700,79.5
Colombia,2010,7.25,7.17,7,6.75,7.17,7.33,10,10,10,6.92,0.1,1800,79.58
Guatemala,2009,7.08,7,6.83,7.33,7.25,7,10,10,10,7.08,0.17,371.61216,79.58
Mexico,2012,7.08,7,6.92,7.33,7.25,7.08,10,10,10,6.92,0.12,1250,79.58
Mexico,2012,7.25,6.92,6.92,7.33,7.25,7,10,10,10,6.92,0.13,1550,79.58
El Salvador,2016,7.25,7.08,7,6.83,7.33,7.17,10,10,10,7,0,1250,79.67
Guatemala,2016,7.42,7.42,7.25,7.58,7.42,7.33,9.33,9.33,9.33,7.25,0.1,185,79.67
Guatemala,2013,7.5,7,6.83,7.08,7.08,7.17,10,10,10,7,0.11,371.61216,79.67
Mexico,2013,7.42,7.25,6.83,7.58,7.17,6.58,10,10,10,6.83,0.12,1400,79.67
Mexico,2012,7.33,7.17,7,6.75,7.08,7,10,10,10,7.33,0.13,975,79.67
Mexico,2012,6.92,7.17,7.17,7.17,7.08,7.08,10,10,10,7.08,0,1264,79.67
Thailand,2013,6.92,7.17,6.83,7.42,7.17,7.08,10,10,10,7.08,0.12,800,79.67
Costa Rica,2013,7.58,7.5,7.67,7.75,7.67,7.58,8,8,10,8,0.1,1100,79.75
Guatemala,2016,7.5,7.42,7.25,7.58,7.33,7.42,9.33,9.33,9.33,7.25,0.1,190164,79.75
Mexico,2013,7.58,7.08,7,7,7.5,6.92,10,10,10,6.67,0.12,1400,79.75
Mexico,2013,7.58,7.08,6.92,7.58,7.5,6.92,10,9.33,10,6.83,0.13,1022,79.75
Mexico,2013,7.25,7.08,7,7.17,7.17,7.08,10,10,10,7,0.12,1300,79.75
Mexico,2012,7.25,7.17,7.17,7.08,7.17,7,10,10,10,6.92,0.14,1450,79.75
Mexico,2012,7.33,7.25,7,7.08,7.08,7,10,10,10,7,0.1,1050,79.75
Mexico,2012,7.25,6.83,6.92,7.08,7.25,7.08,10,10,10,7.33,0.12,1100,79.75
Taiwan,2014,7.75,7.33,7.17,7.33,7.67,7.83,9.33,9.33,8.67,7.33,0,1000,79.75
Taiwan,2013,7.08,7.08,7.25,7,7.17,7.17,10,10,10,7,0.1,600,79.75
Thailand,2013,7.25,7.08,6.92,7.5,7.08,6.92,10,10,10,7,0.12,800,79.75
Guatemala,2017,7.33,7.25,6.92,7.33,7.25,7.33,9.33,10,10,7.08,0.1,1700,79.83
Kenya,2017,7,7.08,7,7.17,7.25,7.25,10,10,10,7.08,0.11,1500,79.83
Mexico,2012,7.17,7.08,7,7.25,7.5,7,10,10,10,6.83,0.12,1300,79.83
Nicaragua,2014,6.83,7.17,7.17,6.92,7.5,7.08,10,10,10,7.17,0.11,1250,79.83
Mexico,2013,7.33,7.08,7.08,7.33,7.42,7.17,9.33,10,10,7.17,0.12,1300,79.92
Mexico,2012,7.17,7.17,6.92,7.25,7.33,7.08,10,10,10,7,0.12,1100,79.92
Mexico,2012,7.5,7.17,7,7.17,7.25,7.08,10,10,10,6.75,0,1100,79.92
Mexico,2012,7.17,7.08,7.08,7.08,7.5,7.33,9.33,10,10,7.33,0.11,1100,79.92
Mexico,2012,7.33,7.25,7,7.42,7.17,7.17,9.33,10,10,7.25,0.12,1250,79.92
Mexico,2012,7.17,7.33,7.08,7.58,7.33,7.08,10,9.33,10,7,0.11,1250,79.92
Mexico,2014,7.58,7.75,7.42,7.5,7.5,7.5,8.67,8.67,10,7.42,0,1400,80
Mexico,2012,7.25,7.25,7.08,7.17,7.33,7.33,9.33,10,10,7.25,0.12,1250,80
Mexico,2012,7.08,7.33,7,7.33,7.08,7,10,10,10,7.17,0.11,1100,80
Myanmar,2015,7.17,7.33,7,7.42,7.17,7,10,10,10,6.92,0,3845,80
Nicaragua,2017,7.33,7.08,6.92,7.08,7.42,7.17,10,10,10,7,0.1,1250,80
Taiwan,2013,7.25,7.25,7.25,7,7.25,7,10,10,10,7,0.11,457.1758598,80
Thailand,2012,7.33,6.67,7.08,7.42,7.42,7.08,10,10,10,7,0,800,80
Brazil,2017,7.17,7.17,7,7.17,7.25,7.25,10,10,10,7.08,0.11,1100,80.08
Mexico,2012,7.33,7.17,7.25,7.08,7.08,7.08,10,10,10,7.08,0.15,1300,80.08
Mexico,2012,7.25,7.08,7,7.17,7.33,7.17,10,10,10,7.08,0.14,1300,80.08
Taiwan,2014,7.42,7.25,7.25,7.17,7,7,10,10,10,7,0.07,850,80.08
Taiwan,2013,7.25,7.25,7.25,7.25,7.08,7,10,10,10,7,0.11,442,80.08
Taiwan,2013,7.25,7.25,7.25,7,7.25,7.08,10,10,10,7,0.11,442,80.08
Taiwan,2013,7.25,7.25,7.25,7.08,7.17,7.08,10,10,10,7,0.11,455.224896,80.08
Guatemala,2013,7.33,7.33,7,7.17,7.17,7.17,10,10,10,7,0.11,371.61216,80.17
Guatemala,2012,7.33,7.33,7,7.33,7,7,10,10,10,7.17,0.11,371.61216,80.17
Honduras,2015,7.25,7.25,7,7.17,7.08,7.08,10,10,10,7.33,0.11,1400,80.17
India,2014,7.67,7.67,7.5,7.33,7.58,7.5,10,10,7.42,7.5,0,750,80.17
India,2013,7.58,7.42,7.42,7.83,7.42,7.5,10,10,7.42,7.58,0,750,80.17
Mexico,2012,7.33,7.08,6.92,7.42,7.25,7.08,10,10,10,7.08,0.11,1250,80.17
Mexico,2012,7.58,7.42,7.33,7.5,7.08,7.17,8.67,10,10,7.42,0.14,1550,80.17
Mexico,2012,7.33,7.33,7.17,7.08,7.25,7,10,10,10,7,0.12,1000,80.17
Nicaragua,2015,7.17,7.08,7.08,7.33,7.25,7.08,10,10,10,7.17,0.11,1187.5,80.17
Vietnam,2017,7.42,7.25,7.25,7.58,7.42,7.33,8.67,10,10,7.25,0,1550,80.17
Brazil,2017,7.17,7.33,7.42,7.08,7,7,10,10,10,7.25,0.11,995,80.25
Guatemala,2012,7,7.17,7.33,7.33,7,7.17,10,10,10,7.25,0.11,1400,80.25
Honduras,2016,7.25,7.25,7,7,7.42,7,10,10,10,7.33,0.1,1400,80.25
Mexico,2016,7.25,7.17,7,7.33,7.33,7,10,10,10,7.17,0.1,1600,80.25
Mexico,2012,7.58,7.33,7.17,7.25,6.75,7,10,10,10,7.17,0.11,808,80.25
Myanmar,2015,8,7.08,7,7.33,7.08,6.92,10,10,10,6.83,0.11,1,80.25
Myanmar,2014,7.42,7,7.08,7,7.17,7.33,10,10,10,7.25,0,4287,80.25
Nicaragua,2015,7.08,6.92,7,7.25,7.5,7.25,10,10,10,7.25,0.11,900,80.25
Taiwan,2013,7.25,7.08,7.25,7.25,7.17,7.25,10,10,10,7,0.11,700,80.25
Burundi,2016,7.08,7.25,7.17,7.33,7.08,7.08,10,10,10,7.33,0.12,1700,80.33
Guatemala,2013,7.33,7.33,6.83,7.5,7,7.17,10,10,10,7.17,0.11,371.61216,80.33
Mexico,2012,7.25,7.08,7.08,7.33,7.33,7.17,10,10,10,7.08,0.11,940,80.33
Taiwan,2013,7.25,7.25,7.08,7.25,7.25,7.25,10,10,10,7,0.11,600,80.33
Tanzania (United Republic Of),2015,7.25,7.17,7,7.25,7.42,7.08,10,10,10,7.17,0.13,1700,80.33
China,2013,7.25,7.08,7.25,7.17,7.33,7.17,10,10,10,7.17,0.17,1700,80.42
El Salvador,2013,7.33,7.17,7.08,7.08,7.33,7.17,10,10,10,7.25,0,1450,80.42
Honduras,2016,7.25,7.42,7,7.42,7.33,7,10,10,10,7,0.1,1450,80.42
Mexico,2012,6.92,7.17,7.08,7.5,7.33,7.17,10,10,10,7.25,0.1,1050,80.42
Mexico,2012,7.42,7.08,7.08,7.33,7.25,7.17,10,10,10,7.08,0.12,1550,80.42
Taiwan,2014,7.58,7.17,7.17,7.17,7.17,7.17,10,10,10,7,0.14,600,80.42
Taiwan,2013,7.25,7.25,7.17,7.25,7.25,7.25,10,10,10,7,0.11,600,80.42
Brazil,2015,7.25,7.33,7.17,7.5,7.33,7.25,9.33,10,10,7.33,0.11,1250,80.5
Brazil,2013,7.42,7.42,7.08,7.33,7.67,7.5,9.33,9.33,10,7.42,0.1,1250,80.5
Guatemala,2017,7.33,7.25,7.08,7.17,7.25,7.17,10,10,10,7.25,0.1,1500,80.5
Guatemala,2014,7.5,7.17,6.83,7.5,7.17,7.17,10,10,10,7.17,0.11,180,80.5
Guatemala,2013,7.5,7.5,7,7.67,7.17,7,10,10,10,6.67,0.12,399.483072,80.5
Honduras,2017,7.58,7.33,7,7.17,7.33,7.08,10,10,10,7,0.11,1650,80.5
Mauritius,2016,7.25,7.25,7.17,7.17,7.25,7.17,10,10,10,7.25,0.12,464.5152,80.5
Mexico,2012,7.25,7.25,7.08,7.33,7.25,7.17,10,10,10,7.17,0.15,1450,80.5
Myanmar,2015,7.17,7.33,7.17,7.42,7.25,7.08,10,10,10,7.08,0,3800,80.5
Taiwan,2017,7.17,7.17,7.17,7.42,7.17,7.25,10,10,10,7.17,0,427.353984,80.5
Uganda,2013,7.75,7.42,7.33,7.58,7.67,7.58,10,10,7.67,7.5,0.12,1200,80.5
Brazil,2014,7.42,7.25,7.33,7,7.08,7.25,10,10,10,7.25,0,1200,80.58
Guatemala,2014,7.17,7.42,6.83,7.5,7.17,7.25,10,10,10,7.25,0.11,399.483072,80.58
Honduras,2014,7.5,7.17,7,7.42,7.33,7,10,10,10,7.17,0.11,1400,80.58
Tanzania (United Republic Of),2014,7.25,7.08,7.08,7.33,7.33,7.25,10,10,10,7.25,0.12,1400,80.58
Uganda,2013,7.83,7.58,7.33,7.67,7.5,7.5,10,10,7.75,7.42,0.12,1745,80.58
Colombia,2014,7.67,7.5,7.42,7.67,7.5,7.75,10,10,6.67,8.5,0,1550,80.67
Costa Rica,2015,7.83,7.5,7.67,7.67,7.83,7.5,6.67,10,10,8,0.11,442,80.67
Guatemala,2015,7.67,7.42,6.83,7.17,7.42,7.17,10,10,10,7,0.11,1500,80.67
Guatemala,2013,7.67,7.17,7,7.5,7,7,10,10,10,7.33,0.12,1550,80.67
Indonesia,2015,7.58,7.42,7,7.67,7.5,7.5,9.33,9.33,10,7.33,0.13,1350,80.67
Malawi,2014,7.5,7.25,7.17,7.17,7.25,7.17,10,10,10,7.17,0.12,995,80.67
Mexico,2014,7.25,7.17,7.17,7.25,7.17,7.42,10,10,10,7.25,0.12,1200,80.67
Costa Rica,2014,7.33,7.33,7.25,7.25,7.17,7.17,10,10,10,7.25,0.11,1300,80.75
Guatemala,2015,7.5,7.33,7,7.42,7.17,7.17,10,10,10,7.17,0.12,399.483072,80.75
Haiti,2012,7.42,7,7.42,7.25,7.08,7.33,10,10,10,7.25,0.12,1000,80.75
Honduras,2015,7.5,7.33,7,7.42,7.25,7.17,10,10,10,7.08,0.11,1450,80.75
Honduras,2015,7.42,7.17,7.08,7.42,7.25,7.25,10,10,10,7.17,0.09,1350,80.75
Honduras,2015,7.25,7.33,7.08,7.5,7.25,7.33,10,10,10,7,0.13,1450,80.75
Mexico,2012,7.58,7.33,7.42,7.25,7.5,7.5,9.33,9.33,10,7.5,0.11,1200,80.75
Myanmar,2015,6.92,7.5,7,7.58,7.5,7.08,10,10,10,7.17,0,3825,80.75
Nicaragua,2015,7.25,7.25,7.17,7.25,7.33,7.25,10,10,10,7.25,0.12,110000,80.75
Panama,2014,7.25,7.33,7.17,7.33,7.33,7.17,10,10,10,7.17,0.11,1680,80.75
Colombia,2010,7.33,7.33,7,6.83,7.33,7.67,10,10,10,7.33,0.01,1800,80.83
Guatemala,2013,7.67,7.25,7.08,7.33,7.17,7.25,10,10,10,7.08,0.11,1200,80.83
Laos,2016,7.42,7.33,7.17,7.17,7.17,7.25,10,10,10,7.33,0,1300,80.83
Mexico,2012,7.17,7.08,7.25,7.42,7.25,7.33,10,10,10,7.33,0.13,1210,80.83
Mexico,2012,7.33,7.25,7.33,7.33,7.25,7.17,10,10,10,7.17,0.11,1100,80.83
Mexico,2012,7.5,7.17,7.33,7.25,7.17,7.17,10,10,10,7.25,0.13,431.999136,80.83
Brazil,2014,7.25,7.33,7.25,7.25,7.25,7.33,10,10,10,7.25,0.12,1200,80.92
Brazil,2014,7.17,7.42,7.17,7.25,7.25,7.33,10,10,10,7.33,0.1,1100,80.92
Guatemala,2017,7.67,7.67,7.33,7.58,7.67,7.5,9.33,9.33,9.33,7.5,0.1,1901,80.92
Guatemala,2014,7.58,7.42,6.92,7.5,7.25,7.17,10,10,10,7.08,0.12,399.483072,80.92
Kenya,2017,7.17,7.58,7.5,7.5,8,7.75,10,10,10,5.42,0.11,1600,80.92
Mexico,2017,7.5,7.33,7.17,7.42,7.5,7.33,9.33,10,10,7.33,0.11,1100,80.92
Mexico,2012,7.58,7.33,7.08,7.5,7.17,7.25,10,10,10,7,0.13,1186,80.92
Myanmar,2015,7.17,7.42,7,7.58,7.33,7,10,10,10,7.42,0,1,80.92
Nicaragua,2013,7.33,7.08,7.25,7,7.5,7.42,10,10,10,7.33,0.1,1050,80.92
Taiwan,2017,7.33,7.17,7.25,7.33,7.33,7.25,10,10,10,7.25,0,442,80.92
Taiwan,2014,7.92,7.67,7.33,7.08,7.08,7.08,10,10,10,6.75,0.09,566.708544,80.92
Taiwan,2013,7.42,7.25,7.25,7.25,7.25,7.25,10,10,10,7.25,0.11,900,80.92
Taiwan,2013,7.25,7.17,7.08,7.08,7.08,8.08,10,10,10,7.17,0.11,688,80.92
Taiwan,2013,7.42,7.25,7.25,7.25,7.25,7.25,10,10,10,7.25,0.11,464.5152,80.92
Tanzania (United Republic Of),2014,7.33,7.17,7.17,7.25,7.42,7.33,10,10,10,7.25,0.12,1700,80.92
Uganda,2013,7.33,7.58,7.5,7.75,7.75,7.67,10,10,7.75,7.58,0.12,1600,80.92
Colombia,2016,7.67,7.5,7.42,5.25,7.67,7.75,10,10,10,7.75,0,1600,81
El Salvador,2017,7.42,7.08,7.08,7.33,7.25,7.58,10,10,10,7.25,0,1450,81
Guatemala,2016,7.42,7.25,7.17,7.5,7.25,7.17,10,10,10,7.25,0.09,3280,81
Guatemala,2015,7.5,7.25,7,7.25,7.5,7.25,10,10,10,7.25,0.11,175,81
Honduras,2014,7.42,7.25,7.25,7.33,7.25,7.17,10,10,10,7.33,0.12,1350,81
Mexico,2012,7.08,7.33,7.33,7.33,7.42,7.25,10,10,10,7.25,0.12,950,81
Mexico,2012,7.58,7.67,7.5,7.67,7.58,7.5,8,10,10,7.5,0,1100,81
Taiwan,2015,7.25,7.17,7.17,7.25,7.5,7.33,10,10,10,7.33,0.12,758,81
Taiwan,2013,7.5,6.92,7.33,7.33,7.33,7.33,10,10,10,7.25,0.11,1100,81
Tanzania (United Republic Of),2014,7.33,7.33,7.08,7.42,7.17,7.33,10,10,10,7.33,0.12,1525,81
Thailand,2012,7.33,7.42,7.25,7.42,7.25,7.17,10,10,10,7.17,0,800,81
Uganda,2013,7.33,6.92,7.17,7.33,7.42,7.42,10,10,10,7.42,0.12,1700,81
Brazil,2016,7.58,7.42,7.5,7.25,7.75,7.58,9.33,10,9.33,7.33,0.11,695,81.08
Costa Rica,2014,7.42,7.25,7.17,7.25,7.25,7.58,10,10,10,7.17,0.13,1500,81.08
Mexico,2012,7.25,7.42,7.33,7.33,7.17,7.33,10,10,10,7.25,0.13,1650,81.08
Mexico,2012,7.33,7.25,7.33,7.42,7.25,7.42,10,10,10,7.08,0.12,1300,81.08
Mexico,2012,7.33,7.33,7.25,7.42,7.25,7.25,10,10,10,7.25,0.11,1642,81.08
Mexico,2012,7.42,7.33,7.25,7.42,7.17,7.25,10,10,10,7.25,0.1,1200,81.08
Nicaragua,2015,7.33,7.33,7.33,7.42,7.33,7.33,10,10,10,7,0.11,1100,81.08
Tanzania (United Republic Of),2014,7.42,7.33,7.33,7.25,7.25,7.33,10,10,10,7.17,0.13,1456,81.08
United States,2014,7.42,7.17,7.33,7.42,7.25,7.33,10,10,10,7.17,0,399.483072,81.08
United States (Puerto Rico),2013,7.67,7.75,7.67,7.58,7.58,7.67,6.67,10,10,8.5,0,1,81.08
Brazil,2012,7.42,7.33,7.25,7.42,7.5,7.17,10,10,10,7.08,0.12,1000,81.17
Costa Rica,2015,7.5,7.5,7.33,7.17,7.08,7.17,10,10,10,7.42,0.11,1300,81.17
Costa Rica,2014,7.33,7.08,7.33,7.25,7.33,7.58,10,10,10,7.25,0.11,1300,81.17
Guatemala,2012,7.42,7.25,7.33,7.25,7.25,7.42,10,10,10,7.25,0.12,1450,81.17
Honduras,2015,7.42,7.33,7,7.42,7.33,7.33,10,10,10,7.33,0.13,1450,81.17
Malawi,2014,7.58,7.25,7.33,7.08,7.33,7.33,10,10,10,7.25,0.12,995,81.17
Mexico,2015,7.75,7.58,7.08,7.25,7.08,7.25,10,10,10,7.17,0.12,1200,81.17
Mexico,2012,7.42,7.25,7.08,7.75,7.42,7.17,10,10,10,7.08,0.13,1800,81.17
Nicaragua,2016,7.33,7.5,7.17,7.17,7.58,7.17,10,10,10,7.25,0.09,1200,81.17
Philippines,2014,7.25,7.25,7.25,7.08,7.58,7.5,10,10,10,7.25,0,1200,81.17
Tanzania (United Republic Of),2015,7.67,7.17,7.17,7.33,7.5,7.17,10,10,10,7.17,0.12,1050,81.17
Tanzania (United Republic Of),2014,7.58,7.17,7.17,7.33,7.33,7.25,10,10,10,7.33,0.12,1550,81.17
Thailand,2014,6.83,7.42,7.42,7.17,7.5,7.42,10,10,10,7.42,0.12,1450,81.17
Brazil,2015,7.17,7.42,7.17,7.08,6.92,8.17,10,10,10,7.33,0,418.06368,81.25
Guatemala,2014,7.33,7.42,7.17,7.25,7.42,7.33,10,10,10,7.33,0.09,1700,81.25
Guatemala,2013,7.5,7.33,7.5,7.58,7,7.25,10,10,10,7.08,0.11,399.483072,81.25
Honduras,2015,7.42,7.17,7.17,7.5,7.33,7.25,10,10,10,7.42,0.12,1400,81.25
India,2013,7.5,7.5,7.25,7.83,7.67,7.83,10,10,7.83,7.83,0.13,750,81.25
Mexico,2012,7.42,7.42,7.33,7.33,7.5,7.42,9.33,10,10,7.5,0.12,1500,81.25
Nicaragua,2015,7.08,7.5,7.33,7.17,7.42,7.25,10,10,10,7.5,0.1,1100,81.25
Taiwan,2015,7.83,7.75,7.67,7.83,7.83,7.75,9.33,10,10,5.25,0.12,680,81.25
Taiwan,2013,7.5,7.5,7.25,7.25,7.25,7.25,10,10,10,7.25,0.11,650,81.25
Tanzania (United Republic Of),2014,7.33,7.17,7.17,7.5,7.25,7.42,10,10,10,7.42,0.13,1700,81.25
Brazil,2015,7.25,7.33,7.33,7.33,7.33,7.42,10,10,10,7.33,0.11,1100,81.33
Brazil,2014,7.17,7.33,7.42,7.25,7.42,7.33,10,10,10,7.42,0.12,1200,81.33
Honduras,2016,7.5,7.5,7,7.17,7.5,7.33,10,10,10,7.33,0.11,1500,81.33
Honduras,2015,7.58,7.42,7.17,7.42,7.17,7.17,10,10,10,7.42,0.09,1350,81.33
Honduras,2014,7.33,7.33,7.17,7.33,7.5,7.33,10,10,10,7.33,0.12,1450,81.33
Malawi,2014,7.75,7.33,7.08,7.33,7.33,7.25,10,10,10,7.25,0.13,1200,81.33
Mexico,2016,7.67,7.42,7,7.42,7.58,7.08,10,10,10,7.17,0.12,1130,81.33
Mexico,2012,7.58,7.42,7.25,7.33,7.25,7.25,10,10,10,7.25,0.13,1800,81.33
Mexico,2012,7.33,7.25,7.17,7.42,7.58,7.33,10,10,10,7.25,0.12,1000,81.33
Philippines,2014,7.08,7.33,7.42,7.33,7.33,7.5,10,10,10,7.33,0.14,1400,81.33
Brazil,2015,7.33,7.5,7.5,7.33,6.83,7.42,10,10,10,7.5,0.11,1100,81.42
Brazil,2014,7.25,7.5,7.42,7.17,7.33,7.33,10,10,10,7.42,0,1100,81.42
Colombia,2011,7.5,7.42,7.25,7.17,7.17,7.75,10,10,10,7.17,0.11,1750,81.42
Colombia,2010,7.75,7.33,7.42,7,7.33,7.25,10,10,10,7.33,0.16,1880,81.42
Guatemala,2016,7.42,7.33,7.08,7.58,7.33,7.25,10,10,10,7.42,0.1,371.61216,81.42
Guatemala,2014,7.42,7.5,7.17,7.42,7.42,7.42,10,10,10,7.08,0.1,1550,81.42
Guatemala,2013,7.42,7.33,7.25,7.42,7.42,7.5,10,10,10,7.08,0.12,371.61216,81.42
Honduras,2015,7.5,7.33,7.17,7.25,7.5,7.42,10,10,10,7.25,0.12,1400,81.42
India,2015,7.75,7.75,7.67,7.67,7.58,7.58,10,10,7.58,7.83,0,1000,81.42
Malawi,2014,7.58,7.17,7.33,7.42,7.08,7.42,10,10,10,7.42,0.12,1422,81.42
Mexico,2017,7.58,7.33,7.08,7.33,7.5,7.33,10,10,10,7.25,0.12,1100,81.42
Mexico,2014,7.67,7.33,7.25,7.17,7.25,7.42,10,10,10,7.33,0,1550,81.42
Mexico,2012,7.42,7.33,7.25,7.17,7.25,7.42,10,10,10,7.58,0.13,763,81.42
Mexico,2012,7.42,7.42,7.25,7.25,7.5,7.33,10,10,10,7.25,0.13,1100,81.42
Taiwan,2014,7.83,7.75,7.42,7.17,7.08,7.08,10,10,10,7.08,0.12,431.999136,81.42
Brazil,2014,7.58,7.5,7.5,7.67,7.67,7.83,9.33,9.33,9.33,7.75,0,1200,81.5
Brazil,2012,7.5,7.42,7.17,7.42,7.5,7.33,10,10,10,7.17,0.12,439,81.5
Colombia,2011,7.42,7.42,7.17,7.42,7.42,7.33,10,10,10,7.33,0.06,1450,81.5
Costa Rica,2014,7.83,7.33,7.08,7.08,7.33,7.5,10,10,10,7.33,0.12,1200,81.5
Guatemala,2017,7.67,7.58,7.17,7.42,7.33,7.42,9.33,10,10,7.58,0.1,165,81.5
Guatemala,2014,7.5,7.42,7.17,7.58,7.25,7.42,10,10,10,7.17,0.12,170,81.5
Haiti,2013,7.42,7.33,7.25,7.42,7.42,7.33,10,10,10,7.33,0.11,825,81.5
Honduras,2017,7.5,7.5,7.33,7.42,7.17,7.25,10,10,10,7.33,0.1,1400,81.5
Indonesia,2012,7.75,7.17,7.17,7.33,7.58,7.33,10,10,10,7.17,0.12,1400,81.5
Malawi,2014,7.67,7.42,6.92,7.5,7.5,7.17,10,10,10,7.33,0.12,1599,81.5
Mexico,2013,7.33,7.33,7.17,7.42,7.5,7.5,10,10,10,7.25,0.13,1150,81.5
Mexico,2012,7.58,7.42,7.25,7.42,7.33,7.33,10,10,10,7.17,0.12,1600,81.5
Mexico,2012,7.42,7.25,7.17,7.42,7.17,8,10,10,10,7.08,0.12,1100,81.5
Mexico,2012,7.33,7.5,7.33,7.33,7.33,7.42,10,10,10,7.25,0.11,1000,81.5
Mexico,2012,7.42,7.42,7.33,7.17,7.25,7.42,10,10,10,7.5,0.13,1250,81.5
Mexico,2012,7.5,7.5,7.25,7.5,7.42,7.58,9.33,10,10,7.42,0.11,1100,81.5
Myanmar,2015,7.25,7.42,7.25,7.5,7.33,7.33,10,10,10,7.42,0,168,81.5
Nicaragua,2017,7.5,7.42,7.33,7.33,7.25,7.33,10,10,10,7.33,0.11,1100,81.5
Taiwan,2015,7.5,7.42,7.33,7.08,7.58,7.25,10,10,10,7.33,0.12,442,81.5
Taiwan,2014,7.42,7.33,7.67,7.33,7.42,7.5,10,10,9.33,7.5,0.11,900,81.5
Taiwan,2013,7.5,7.42,7.25,7.25,7.33,7.33,10,10,10,7.42,0.11,600,81.5
Uganda,2013,8,7.75,7.75,7.58,7.67,7.5,10,10,7.58,7.67,0.11,1367,81.5
Uganda,2014,8,7.67,7.75,7.5,7.67,7.58,10,10,7.58,7.75,0.12,1488,81.5
Brazil,2013,7.42,7.42,7.33,7.33,7.5,7.25,10,10,10,7.33,0.12,1260,81.58
Costa Rica,2015,7.58,7.42,7.5,7.17,7.08,7.58,10,10,10,7.25,0.12,427.353984,81.58
Guatemala,2017,7.42,7.42,7.08,7.5,7.42,7.33,10,10,10,7.42,0.12,190164,81.58
Guatemala,2013,7.42,7.33,7.17,7.58,7.42,7.5,10,10,10,7.17,0.12,371.61216,81.58
Honduras,2018,7.5,7.42,7.08,7.42,7.5,7.33,10,10,10,7.33,0.11,1200,81.58
India,2015,7.67,7.83,7.75,7.5,7.75,7.58,10,10,7.75,7.75,0.11,1000,81.58
India,2014,7.58,7.58,7.67,7.58,7.67,7.67,10,10,7.5,8.33,0,750,81.58
Malawi,2014,7.42,7.42,7.17,7.58,7.33,7.33,10,10,10,7.33,0.13,1100,81.58
Mexico,2013,7.67,7.5,7.42,7.5,6.75,7.42,10,10,10,7.33,0.12,1400,81.58
Mexico,2012,7.33,7.5,7.25,7.5,7.5,7.17,10,10,10,7.33,0.11,1600,81.58
Mexico,2012,7.67,7.58,7.42,7.58,7.58,7.42,10,10,8.67,7.67,0.11,1650,81.58
Taiwan,2016,7.42,7.42,7.25,7.67,7.33,7.25,10,10,10,7.25,0.1,800,81.58
Taiwan,2014,7.33,7.17,7.08,7.08,8.33,8.25,10,10,9.33,7,0,850,81.58
Tanzania (United Republic Of),2014,7.42,7.42,7.33,7.42,7.42,7.33,10,10,10,7.25,0.12,1800,81.58
Thailand,2011,7.08,7.33,7.58,7.58,7.17,7.5,10,10,10,7.33,0.01,399.483072,81.58
Brazil,2017,7.42,7.5,7.25,7.5,7.5,7.25,10,10,10,7.25,0.11,890,81.67
Brazil,2015,7.25,7.75,6.92,7.42,7.5,7.58,10,10,10,7.25,0,418.06368,81.67
Brazil,2014,7.25,7.42,7.25,7.5,7.5,7.42,10,10,10,7.33,0.1,1260,81.67
Costa Rica,2013,7.5,7.17,7.17,7.17,7.5,7.08,10,10,10,8.08,0.11,1850,81.67
Guatemala,2017,7.42,7.42,7.08,7.42,7.33,7.42,10,10,10,7.58,0.1,1700,81.67
Guatemala,2017,7.42,7.33,7.17,7.67,7.33,7.42,10,10,10,7.33,0.12,150,81.67
Guatemala,2012,7.5,7.67,7.33,7.33,7.33,7.33,10,10,10,7.17,0.11,399.483072,81.67
Honduras,2016,7.58,7.5,7.33,7.33,7.42,7.25,10,10,10,7.25,0.11,1450,81.67
Honduras,2014,7.5,7.33,7.5,7.5,7.17,7.17,10,10,10,7.5,0.1,1400,81.67
Mexico,2013,7.5,7.42,7.08,7.58,7.33,7.33,10,10,10,7.42,0.12,1400,81.67
Mexico,2012,7.25,7.67,7.58,7.67,7.67,7.58,8.67,10,10,7.58,0.13,1650,81.67
Mexico,2012,7.67,7.25,7.17,7.75,7.5,7.25,10,10,10,7.08,0.11,1400,81.67
Mexico,2012,7.5,7.42,7.33,7.42,7.42,7.42,10,10,10,7.17,0.11,1200,81.67
Mexico,2012,7.58,7.42,7.25,7.58,7.25,7.17,10,10,10,7.42,0.11,1400,81.67
Mexico,2012,7.75,7.58,7.25,7.17,7.58,7.33,9.33,10,10,7.67,0.11,940,81.67
Taiwan,2013,7.5,7.5,7.5,7.25,7.42,7.25,10,10,10,7.25,0.11,441,81.67
Taiwan,2013,7.58,7.42,7.33,7.42,7.33,7.33,10,10,10,7.25,0.11,750,81.67
Tanzania (United Republic Of),2016,7.17,7.33,7.33,7.42,7.5,7.33,10,10,10,7.58,0,1800,81.67
Tanzania (United Republic Of),2014,7.42,7.33,7.25,7.42,7.5,7.42,10,10,10,7.33,0.12,1500,81.67
Tanzania (United Republic Of),2013,7.33,7.33,7.5,7.25,7.42,7.33,10,10,10,7.5,0.12,1700,81.67
Colombia,2011,7.33,7.42,7.33,7.33,7.5,7.67,10,10,10,7.17,0,1750,81.75
Guatemala,2017,7.5,7.5,7.25,7.42,7.42,7.33,10,10,10,7.33,0.11,1700,81.75
Mexico,2012,7.5,7.5,7.33,7.42,7.25,7.25,10,10,10,7.5,0.13,774,81.75
Mexico,2012,7.42,7.5,7.17,7.67,7.33,7.42,10,10,10,7.25,0.13,1250,81.75
Mexico,2012,7.42,7.5,7.33,7.58,7.33,7.33,10,10,10,7.25,0.11,1100,81.75
Mexico,2012,7.33,7.42,7.33,7.67,7.42,7.25,10,10,10,7.33,0.12,1550,81.75
Mexico,2012,7.5,7.42,7.25,7.33,7.67,7.25,10,10,10,7.33,0.12,1650,81.75
Tanzania (United Republic Of),2014,7.42,7.42,7.42,7.42,7.33,7.33,10,10,10,7.42,0.12,1600,81.75
Uganda,2014,7.58,7.92,7.75,7.83,7.5,7.67,10,10,7.67,7.83,0.12,1095,81.75
Vietnam,2014,7,7.08,7.33,7.5,7.5,7.33,10,10,10,8,0.12,1040,81.75
Brazil,2016,7.42,7.5,7.42,7.5,7.42,7.25,10,10,10,7.33,0.11,973,81.83
Brazil,2015,7.17,7.58,6.83,7.5,7.75,7.25,10,10,10,7.75,0,404.128224,81.83
Brazil,2015,7.58,7,6.92,6.92,7.67,7.5,10,10,10,8.25,0,413.511431,81.83
Brazil,2014,7.33,7.58,7.25,7.17,7.83,7.33,10,10,10,7.33,0.11,1100,81.83
Brazil,2012,7.75,7.75,7.5,7.42,7.83,7.75,9.33,9.33,9.33,7.83,0.12,1250,81.83
Brazil,2011,7.33,7.67,7.25,7.5,7.5,7.25,10,10,10,7.33,0.02,925,81.83
Colombia,2013,7.5,7.5,7,7.42,7.5,7.58,10,10,10,7.33,0,1775,81.83
Colombia,2011,7.58,7.5,7.17,7.58,7.33,7.33,10,10,10,7.33,0.05,1700,81.83
Costa Rica,2016,7.25,7.33,7.5,7.33,7.67,7.42,10,10,10,7.33,0,1900,81.83
Costa Rica,2015,7.67,7.5,7.5,7.25,7.08,7.42,10,10,10,7.42,0.09,1300,81.83
Guatemala,2017,7.42,7.5,7.25,7.5,7.33,7.42,10,10,10,7.42,0.1,1,81.83
Guatemala,2015,7.58,7.5,7.33,7.42,7.58,7.25,10,10,10,7.17,0.1,3280,81.83
Guatemala,2013,7.83,7.67,7.33,7.33,7.67,7.83,9.33,10,9.33,7.5,0.11,371.61216,81.83
Honduras,2015,7.5,7.5,7.33,7.5,7.42,7.25,10,10,10,7.33,0.12,1400,81.83
Honduras,2014,7.5,7.5,7.33,7.33,7.33,7.33,10,10,10,7.5,0.1,1350,81.83
Indonesia,2015,7.75,7.83,7.58,7.75,7.92,7.83,10,10,10,5.17,0.11,1250,81.83
Indonesia,2014,7.42,7.42,7.42,7.33,7.42,7.42,10,10,10,7.42,0.11,1300,81.83
Malawi,2014,7.58,7.42,7.33,7.33,7.33,7.42,10,10,10,7.42,0.13,1556,81.83
Mexico,2015,7.58,7.5,7.33,7.5,7.17,7.33,10,10,10,7.42,0.11,1425,81.83
Mexico,2014,7.42,7.42,7.25,7.5,7.33,7.42,10,10,10,7.5,0.11,1550,81.83
Mexico,2012,7.83,7.33,7.25,7.58,7.25,7.33,10,10,10,7.25,0.12,1500,81.83
Mexico,2012,7.33,7.33,7.25,7.5,7.5,7.5,10,10,10,7.42,0.12,1250,81.83
Myanmar,2015,7.33,7.58,7.5,7.42,7.33,7.33,10,10,10,7.33,0,4001,81.83
Taiwan,2014,7.67,7.33,7.17,7.25,7.75,7.33,10,10,10,7.33,0,700,81.83
Brazil,2016,7.42,7.33,7.33,7.5,7.5,7.33,10,10,10,7.5,0.11,1020,81.92
Brazil,2012,7.42,7.58,7.25,7.5,7.33,7.5,10,10,10,7.33,0.12,1100,81.92
Colombia,2010,7.67,7.33,7.33,7.58,7.33,7.33,10,10,10,7.33,0.09,1600,81.92
El Salvador,2014,7.67,7.58,7.33,7.5,7.5,7.67,10,10,9.33,7.33,0.11,1250,81.92
Guatemala,2017,7.58,7.5,7.25,7.58,7.58,7.5,9.33,10,10,7.58,0.1,1901,81.92
Guatemala,2017,7.5,7.5,7.25,7.42,7.42,7.42,10,10,10,7.42,0.11,150,81.92
Guatemala,2015,7.58,7.58,7.17,7.83,7.17,7.33,10,10,10,7.25,0.11,1550,81.92
Honduras,2017,7.58,7.5,7.25,7.33,7.42,7.5,10,10,10,7.33,0.12,1400,81.92
Mexico,2013,7.58,7.5,7.25,7.58,7.5,7.25,10,10,10,7.25,0.12,1300,81.92
Mexico,2012,7.5,7.5,7.25,7.25,7.5,7.5,10,10,10,7.42,0.13,981,81.92
Mexico,2012,7.5,7.42,7.25,7.5,7.33,7.33,10,10,10,7.58,0.14,690,81.92
Mexico,2012,7.33,7.58,7.17,7.58,7.42,7.33,10,10,10,7.5,0.12,1650,81.92
Mexico,2012,7.67,7.42,7.33,7.83,7.5,7.5,9.33,10,10,7.33,0.12,1000,81.92
Taiwan,2012,7.5,7.5,7.42,7.25,7.5,7.5,10,10,10,7.25,0.11,1000,81.92
Tanzania (United Republic Of),2014,7.33,7.33,7.33,7.42,7.5,7.58,10,10,10,7.42,0.12,1877,81.92
Zambia,2014,7.67,7.08,7.42,7.33,7.75,7.42,10,10,10,7.25,0,1250,81.92
Brazil,2016,7.5,7.33,7.42,7.5,7.33,7.42,10,10,10,7.5,0.11,944,82
Brazil,2012,7.33,7.67,7.42,7.17,7.33,7.42,10,10,10,7.67,0.11,1038.5,82
Brazil,2012,7.42,7.5,7.33,7.5,7.33,7.5,10,10,10,7.42,0.12,1000,82
Brazil,2012,7.42,7.5,7.25,7.5,7.5,7.42,10,10,10,7.42,0.11,1050,82
Brazil,2012,7.58,7.5,7.17,7.5,7.5,7.42,10,10,10,7.33,0.12,950,82
Colombia,2013,7.33,7.33,7.58,7.5,7.5,7.58,10,10,10,7.17,0.11,1900,82
Costa Rica,2013,7.5,7.25,7.33,7.33,7.75,7.5,10,10,10,7.33,0.1,1300,82
Guatemala,2012,7.75,7.33,7.33,7.42,7.75,7.67,10,10,9.33,7.42,0,371.61216,82
Honduras,2017,7.5,7.5,7.17,7.5,7.5,7.42,10,10,10,7.42,0.12,1600,82
Honduras,2016,7.5,7.5,7.25,7.33,7.42,7.5,10,10,10,7.5,0.1,1600,82
Honduras,2014,7.33,7.33,7.33,7.5,7.5,7.83,10,10,10,7.17,0.11,1400,82
Laos,2015,7.42,7.5,7.25,7.33,7.5,7.5,10,10,10,7.5,0.12,1250,82
Malawi,2014,7.5,7.42,7.33,7.58,7.33,7.5,10,10,10,7.33,0.13,2500,82
Mexico,2012,7.67,7.33,7.25,7.5,7.42,7.42,10,10,10,7.42,0.12,940,82
Taiwan,2013,7.33,7.5,7.17,7.42,7.5,7.33,10,10,10,7.75,0.09,600,82
Taiwan,2012,7.42,7.58,7.33,7.42,8,7.5,9.33,10,10,7.42,0.12,650,82
Tanzania (United Republic Of),2015,7.67,7.33,7.33,7.42,7.42,7.42,10,10,10,7.42,0.13,1650,82
Tanzania (United Republic Of),2014,7.42,7.42,7.33,7.58,7.33,7.42,10,10,10,7.5,0.12,1350,82
Thailand,2013,7.58,7.5,7.42,7.42,7.33,7.42,10,10,10,7.33,0.11,800,82
Brazil,2016,7.42,7.58,7.42,7.5,7.42,7.25,10,10,10,7.5,0.11,894,82.08
Brazil,2015,7.25,7.25,7.58,7.58,7.25,7.92,10,10,10,7.25,0,404.128224,82.08
Colombia,2011,7.67,7.42,7.67,7.33,7.25,7.58,10,10,10,7.17,0.08,1600,82.08
Costa Rica,2015,7.75,7.42,7.42,7.25,7.17,7.42,10,10,10,7.67,0,1300,82.08
Costa Rica,2013,7.58,7.33,7.33,7.33,7.5,7.67,10,10,10,7.33,0.11,423.9165715,82.08
Indonesia,2017,7.5,7.5,7.42,7.42,7.5,7.42,10,10,10,7.33,0.15,1300,82.08
Mexico,2012,7.42,7.58,7.5,7.33,7.42,7.42,10,10,10,7.42,0.13,1300,82.08
Mexico,2012,7.5,7.42,7.42,7.5,7.25,7.5,10,10,10,7.5,0.13,1800,82.08
Mexico,2012,7.67,7.5,7.25,7.58,7.42,7.33,10,10,10,7.33,0.11,1250,82.08
Mexico,2012,7.58,7.42,7.25,7.75,7.33,7.42,10,10,10,7.33,0.11,1250,82.08
Tanzania (United Republic Of),2014,7.42,7.33,7.42,7.42,7.5,7.58,10,10,10,7.42,0.12,1500,82.08
Tanzania (United Republic Of),2014,7.42,7.5,7.5,7.33,7.33,7.5,10,10,10,7.5,0.12,1600,82.08
Vietnam,2012,7.67,8,7.17,7.08,7.67,7.08,10,10,10,7.42,0.12,1040,82.08
Brazil,2016,7.42,7.42,7.5,7.42,7.42,7.5,10,10,10,7.5,0.11,934,82.17
Brazil,2015,6.92,7.58,7.42,7.33,7.83,7.5,10,10,10,7.58,0,399.483072,82.17
Colombia,2013,7.33,7.25,7.25,7.58,7.75,7.5,10,10,10,7.5,0,1750,82.17
Colombia,2010,7.58,7.67,7.42,7.17,7.17,7.75,10,10,10,7.42,0.08,1800,82.17
Guatemala,2014,7.42,7.42,7.5,7.5,7.42,7.5,10,10,10,7.42,0.09,1500,82.17
Guatemala,2012,7.25,7.75,7,7.75,8.17,7.75,10,10,9.33,7.17,0.12,1350,82.17
Honduras,2015,7.5,7.5,7.17,7.42,7.5,7.5,10,10,10,7.58,0.11,1500,82.17
Honduras,2015,7.67,7.5,7.25,7.42,7.58,7.42,10,10,10,7.33,0.11,1350,82.17
Mexico,2013,7.42,7.33,7.17,7.42,7.33,8.17,10,10,10,7.33,0.12,1100,82.17
Mexico,2013,7.5,7.5,7.33,7.42,7.5,7.42,10,10,10,7.5,0.1,1400,82.17
Mexico,2012,7.5,7.67,7,7.5,7.33,7.5,10,10,10,7.67,0.15,1144,82.17
Mexico,2012,7.5,7.58,7.25,7.5,7.5,7.33,10,10,10,7.5,0.12,1000,82.17
Mexico,2012,7,7.67,7.5,7.5,7.42,7.5,10,10,10,7.58,0.1,1200,82.17
Taiwan,2013,7.5,7.5,7.5,7.5,7.5,7.5,10,10,10,7.17,0.11,1200,82.17
Taiwan,2012,7.67,7.5,7.5,7.17,7.17,7.58,10,10,10,7.58,0,800,82.17
Tanzania (United Republic Of),2015,7.58,7.42,7.42,7.33,7.5,7.42,10,10,10,7.5,0.13,1650,82.17
Tanzania (United Republic Of),2015,7.42,7.42,7.42,7.5,7.5,7.33,10,10,10,7.58,0.12,1600,82.17
Tanzania (United Republic Of),2014,7.75,7.42,7.42,7.58,7.33,7.42,10,10,10,7.25,0.12,1700,82.17
Thailand,2014,7.42,7.42,7.17,7.75,7.25,7.67,10,10,10,7.5,0.12,800,82.17
Brazil,2015,7.42,7.67,7.5,7.08,7.5,7.42,10,10,10,7.67,0,399.483072,82.25
Brazil,2014,7.75,7.58,7.42,7.42,7.33,7.33,10,10,10,7.42,0.11,1100,82.25
Colombia,2012,7.5,7.42,7.67,7.33,7.58,7.33,10,10,10,7.42,0.12,1750,82.25
Colombia,2012,7.67,7.33,7.33,7.33,7.5,7.5,10,10,10,7.58,0.11,1775,82.25
El Salvador,2014,7.58,7.67,7.5,7.67,7.83,8.42,9.33,9.33,9.33,7.58,0.12,1500,82.25
Guatemala,2016,7.67,7.5,7.25,7.67,7.42,7.42,10,10,10,7.33,0.11,1450,82.25
Guatemala,2012,7.5,7.5,7.33,7.58,7.67,7.33,10,10,10,7.33,0.11,371.61216,82.25
Honduras,2015,7.58,7.5,7.42,7.58,7.42,7.42,10,10,10,7.33,0.11,1350,82.25
Malawi,2014,7.58,7.42,7.33,7.42,7.58,7.5,10,10,10,7.42,0.13,1180,82.25
Mexico,2013,7.58,7.58,7.42,7.42,7.42,7.42,10,10,10,7.42,0.12,1338,82.25
Mexico,2012,7.58,7.58,7.5,7.17,7.42,7.42,10,10,10,7.58,0.16,550,82.25
Mexico,2012,7.5,7.58,7.42,7.67,7.33,7.42,10,10,10,7.33,0.13,1170,82.25
Mexico,2012,7.67,7.58,7.33,7.5,7.42,7.42,10,10,10,7.33,0.12,1250,82.25
Mexico,2012,7.33,7.58,7.42,7.67,7.33,7.5,10,10,10,7.42,0.11,1100,82.25
Mexico,2012,7.42,7.5,7.42,7.58,7.42,7.5,10,10,10,7.42,0.1,900,82.25
Taiwan,2013,7.5,7.5,7.5,7.5,7.5,7.5,10,10,10,7.25,0.11,650,82.25
Brazil,2016,7.33,7.5,7.5,7.33,7.5,7.5,10,10,10,7.67,0.11,982,82.33
Brazil,2016,7.5,7.5,7.42,7.5,7.42,7.5,10,10,10,7.5,0.11,934,82.33
Brazil,2015,8.25,7.83,7.25,8.33,8.17,8.08,10,6.67,10,7.75,0.07,1268,82.33
Brazil,2014,7.75,8.08,7.67,8.08,8.08,8,10,10,6.67,8,0.11,1100,82.33
Brazil,2012,7.58,7.5,7.42,7.5,7.5,7.42,10,10,10,7.42,0.12,1100,82.33
Brazil,2012,7.58,7.58,7.25,7.58,7.42,7.5,10,10,10,7.42,0.11,950,82.33
China,2015,7.5,7.58,7.42,7.5,7.42,7.42,10,10,10,7.5,0.12,1580,82.33
Colombia,2013,7.42,7.33,7.5,7.17,7.08,8.33,10,10,10,7.5,0.1,1300,82.33
Colombia,2013,7.5,7.42,7.5,7.5,7.5,7.58,10,10,10,7.33,0,1750,82.33
Colombia,2012,7.83,7.58,7.33,7.25,7.58,7.42,10,10,10,7.33,0,533,82.33
Costa Rica,2015,7.75,7.5,7.25,7.25,7.42,7.67,10,10,10,7.5,0.1,1850,82.33
Costa Rica,2015,7.75,7.33,7.5,7.5,7.33,7.58,10,10,10,7.33,0,1550,82.33
Guatemala,2015,7.5,7.42,7.17,7.83,7.5,7.5,10,10,10,7.42,0.1,399.483072,82.33
Guatemala,2014,7.58,7.67,7.5,7.58,7.75,7.5,9.33,10,10,7.42,0.12,399.483072,82.33
Guatemala,2013,7.5,7.42,7.58,7.5,7.5,7.58,10,10,10,7.25,0.12,350,82.33
Guatemala,2012,7.67,7.5,7.33,7.67,7.5,7.33,10,10,10,7.33,0.11,399.483072,82.33
Guatemala,2012,7.5,7.67,7.33,7.5,7.33,7.5,10,10,10,7.5,0.1,371.61216,82.33
Honduras,2017,7.5,7.58,7.33,7.5,7.42,7.42,10,10,10,7.58,0.1,1396,82.33
Malawi,2014,7.33,7.58,7.42,7.58,7.33,7.5,10,10,10,7.58,0.12,1450,82.33
Mexico,2013,7.67,7.5,7.42,7.5,7.42,7.42,10,10,10,7.42,0.12,1300,82.33
Mexico,2012,7.58,7.67,7.58,7.33,7,7.58,10,10,10,7.58,0.15,464.5152,82.33
Mexico,2012,7.67,7.58,7.5,7.58,7.5,7.5,10,10,10,7,0.13,1170,82.33
Mexico,2012,8,7.75,7.33,7.33,7.08,7.67,9.33,10,10,7.83,0.11,1300,82.33
Taiwan,2013,7.5,7.5,7.5,7.5,7.5,7.5,10,10,10,7.33,0.11,442,82.33
Taiwan,2013,7.5,7.5,7.5,7.5,7.5,7.5,10,10,10,7.33,0.11,600,82.33
Brazil,2015,7.17,7.83,7.33,7.5,7.75,7.42,10,10,10,7.42,0,399.483072,82.42
Brazil,2012,7.58,7.67,7.33,7.5,7.5,7.42,10,10,10,7.42,0.12,1000,82.42
Brazil,2013,7.25,7.33,7.25,7.5,7.42,7.5,10,10,10,8.17,0,1260,82.42
China,2015,7.67,7.42,7.42,7.5,7.42,7.42,10,10,10,7.58,0.1,1600,82.42
Colombia,2016,5.08,7.75,7.83,7.75,7.83,8.08,10,10,10,8.08,0.11,1600,82.42
Colombia,2013,7.67,7.42,7.33,7.5,7.58,7.5,10,10,10,7.42,0.11,1775,82.42
Colombia,2012,7.67,7.33,7.25,7.42,7.5,7.67,10,10,10,7.58,0,532,82.42
Colombia,2011,7.33,7.58,7.17,7.58,7.42,7.58,10,10,10,7.75,0,1750,82.42
Colombia,2011,7.58,7.25,7.42,7.25,7.58,7.83,10,10,10,7.5,0.02,1750,82.42
Guatemala,2017,7.58,7.5,7.33,7.75,7.33,7.5,10,10,10,7.42,0.1,1700,82.42
Guatemala,2016,7.67,7.58,7.25,7.67,7.42,7.33,10,10,10,7.5,0.12,1700,82.42
Guatemala,2017,7.58,7.5,7.25,7.67,7.5,7.5,10,10,10,7.42,0.12,1,82.42
Guatemala,2013,7.5,7.5,7.5,7.67,7.42,7.5,10,10,10,7.33,0.1,1400,82.42
Honduras,2017,7.42,7.67,7.17,7.58,7.58,7.5,10,10,10,7.5,0.12,1500,82.42
Mexico,2014,7.42,7.5,7.42,7.58,7.42,7.5,10,10,10,7.58,0.11,1296,82.42
Mexico,2013,7.5,7.58,7.5,7.92,7.42,7.67,9.33,10,10,7.5,0.12,1170,82.42
Mexico,2013,7.5,7.42,7.42,7.67,7.42,7.58,10,10,10,7.42,0.12,1560,82.42
Mexico,2012,7.42,7.58,7.5,7.42,7.58,7.5,10,10,10,7.42,0.13,1400,82.42
Mexico,2012,7.42,7.58,7.33,7.58,7.5,7.5,10,10,10,7.5,0.14,1300,82.42
Mexico,2012,7.75,7.33,7.25,7.58,7.58,7.33,10,10,10,7.58,0.13,1170,82.42
Mexico,2012,7.5,7.58,7.33,7.5,7.5,7.5,10,10,10,7.5,0.11,1300,82.42
Mexico,2012,7.58,7.58,7.17,7.5,7.5,7.5,10,10,10,7.58,0.14,1350,82.42
Mexico,2012,7.58,7.33,7.33,7.58,7.5,7.5,10,10,10,7.58,0.11,1150,82.42
Mexico,2012,7.67,7.58,7.33,7.42,7.58,7.33,10,10,10,7.5,0.13,1250,82.42
Mexico,2012,7.83,7.5,7.42,7.67,7.17,7.33,10,10,10,7.5,0.12,1450,82.42
Tanzania (United Republic Of),2015,7.67,7.25,7.42,7.42,7.67,7.42,10,10,10,7.58,0.13,2285,82.42
Uganda,2014,7.67,7.83,7.83,7.83,7.92,7.75,10,10,7.75,7.83,0.12,1100,82.42
Brazil,2017,7.5,7.5,7.5,7.5,7.58,7.5,10,10,10,7.42,0.11,890,82.5
Brazil,2013,7.42,7.5,7.67,7.33,7.42,7.67,10,10,10,7.5,0.11,1260,82.5
Brazil,2012,7.67,7.42,7.33,7.67,7.5,7.5,10,10,10,7.42,0,1250,82.5
Colombia,2013,7.5,7.5,7.42,7.42,7.58,7.58,10,10,10,7.5,0.11,1750,82.5
Colombia,2012,7.67,7.5,7.33,7.5,7.25,7.67,10,10,10,7.58,0.11,1775,82.5
Guatemala,2016,7.5,7.5,7.33,7.5,7.67,7.5,10,10,10,7.5,0.1,130.064256,82.5
Guatemala,2013,7.83,7.42,7.33,7.67,7.42,7.5,10,10,10,7.33,0.12,350,82.5
Guatemala,2013,7.83,7.67,7.17,7.33,7.5,7.67,10,10,10,7.33,0.11,350,82.5
Honduras,2017,7.58,7.58,7.33,7.5,7.5,7.5,10,10,10,7.5,0.1,1400,82.5
India,2017,7.67,7.75,7.83,7.67,7.92,7.83,10,10,7.92,7.92,0.1,3140,82.5
India,2015,7.67,7.75,7.58,7.83,7.83,8,10,10,7.92,7.92,0.09,1000,82.5
Indonesia,2017,7.83,7.75,7.25,7.5,7.42,7.33,10,10,10,7.42,0.11,1250,82.5
Mexico,2013,7.42,7.58,7.5,7.67,7.25,7.5,10,10,10,7.58,0,1600,82.5
Mexico,2012,7.5,7.58,7.5,7.5,7.42,7.42,10,10,10,7.58,0.13,1679,82.5
Mexico,2012,7.67,7.5,7.33,7.67,7.5,7.33,10,10,10,7.5,0.12,1100,82.5
Mexico,2012,7.92,7.5,7.33,7.58,7.25,7.42,10,10,10,7.5,0.11,1650,82.5
Tanzania (United Republic Of),2014,7.67,7.42,7.33,7.58,7.5,7.5,10,10,10,7.5,0.12,1600,82.5
Thailand,2014,7.5,7.83,7.5,7.75,7.33,7.42,9.33,10,10,7.83,0.12,800,82.5
Thailand,2014,7.33,7.5,7.5,7.5,7.67,7.5,10,10,10,7.5,0.11,1450,82.5
Brazil,2011,7.58,7.5,7.33,7.75,7.5,7.5,10,10,10,7.42,0,975,82.58
Colombia,2013,7.75,7.25,7.33,7.42,7.5,7.83,10,10,10,7.5,0.11,1750,82.58
Colombia,2012,7.75,7.5,7.75,7.25,7.33,7.58,10,10,10,7.42,0.11,1750,82.58
Colombia,2013,7.58,7.5,7.42,7.58,7.67,7.42,10,10,10,7.42,0.11,1750,82.58
Colombia,2012,7.33,7.42,7.58,7.42,7.67,7.5,10,10,10,7.67,0.11,1775,82.58
Costa Rica,2013,7.67,7.42,7.5,7.67,7,7.75,10,10,10,7.58,0.11,1300,82.58
Guatemala,2017,7.5,7.42,7.42,7.75,7.5,7.5,10,10,10,7.5,0.1,125,82.58
India,2014,7.67,7.75,7.83,7.83,7.92,7.75,10,10,8,7.83,0,750,82.58
Indonesia,2015,7.83,7.58,7.42,7.33,7.42,7.5,10,10,10,7.5,0.13,1250,82.58
Mexico,2012,7.5,7.58,7.5,7.5,7.42,7.5,10,10,10,7.58,0.1,1250,82.58
Mexico,2012,7.67,7.58,7.58,7.75,7.67,6.83,10,10,10,7.5,0.12,1150,82.58
Taiwan,2016,7.67,7.42,7.5,7.42,7.58,7.5,10,10,10,7.5,0.11,1050,82.58
Taiwan,2016,7.25,7.25,7,7.08,7,7,10,10,10,10,0.11,442,82.58
Tanzania (United Republic Of),2014,7.75,7.42,7.33,7.5,7.58,7.5,10,10,10,7.5,0.12,1317,82.58
Thailand,2014,7.75,7.33,7.42,7.67,7.42,7.5,10,10,10,7.5,0.12,800,82.58
Thailand,2014,7.42,7.58,7.58,7.42,7.58,7.5,10,10,10,7.5,0.12,1450,82.58
Uganda,2013,7.83,7.5,7.42,7.58,7.42,7.42,10,10,10,7.42,0.12,1650,82.58
Brazil,2017,7.5,7.58,7.25,7.75,7.58,7.5,10,10,10,7.5,0,890,82.67
Brazil,2016,7.5,7.58,7.5,7.67,7.5,7.42,10,10,10,7.5,0.11,934,82.67
Brazil,2015,7.58,7.5,7.42,7.67,7.5,7.5,10,10,10,7.5,0,399.483072,82.67
Colombia,2012,7.75,7.58,7.67,7.25,7.58,7.42,10,10,10,7.42,0.11,1800,82.67
Colombia,2011,7.33,7.58,7.42,7.42,7.67,7.67,10,10,10,7.58,0.11,3850,82.67
Colombia,2010,8.08,7.67,7.67,7.33,7.33,7.17,10,10,10,7.42,0.08,1800,82.67
El Salvador,2016,7.67,7.67,7.67,7.67,7.5,7.67,10,10,9.33,7.5,0,1200,82.67
Guatemala,2012,7.67,7.67,7.17,7.67,7.5,7.5,10,10,10,7.5,0.11,1500,82.67
Laos,2015,7.67,7.67,7.42,7.42,7.42,7.5,10,10,10,7.58,0.13,1300,82.67
Mexico,2016,7.5,7.67,7.42,7.75,7.42,7.17,10,10,10,7.75,0.11,1300,82.67
Mexico,2014,7.67,7.58,7.42,7.5,7.42,7.5,10,10,10,7.58,0.11,1296,82.67
Mexico,2012,7.58,7.58,7.42,7.58,7.42,7.5,10,10,10,7.58,0.11,1100,82.67
Mexico,2012,7.5,7.58,7.58,7.58,7.42,7.42,10,10,10,7.58,0.12,950,82.67
Mexico,2010,7.75,7.58,7.25,7.75,7.67,7.58,10,10,10,7.08,0,1400,82.67
Taiwan,2014,8,7.83,7.83,7.42,7.25,7.25,10,10,10,7.08,0.08,1200,82.67
Taiwan,2013,7.67,7.5,7.5,7.5,7.5,7.5,10,10,10,7.5,0.11,1240,82.67
Tanzania (United Republic Of),2014,7.5,7.5,7.5,7.5,7.5,7.58,10,10,10,7.58,0.12,1700,82.67
Tanzania (United Republic Of),2014,7.58,7.5,7.5,7.58,7.33,7.58,10,10,10,7.58,0.12,1550,82.67
Thailand,2013,7.42,7.5,7.5,7.67,7.58,7.5,10,10,10,7.5,0.11,1500,82.67
Uganda,2013,7.67,7.5,7.33,7.67,7.5,7.5,10,10,10,7.5,0.12,1650,82.67
Brazil,2015,7.5,7.5,7.58,7.5,7.58,7.58,10,10,10,7.5,0.11,905,82.75
China,2015,7.67,7.5,7.33,7.33,7.67,7.67,10,10,10,7.58,0.1,1100,82.75
China,2015,7.5,7.67,7.42,7.67,7.5,7.5,10,10,10,7.5,0.11,1500,82.75
Colombia,2014,7.5,7.58,7.58,7.75,7.33,7.5,10,10,10,7.5,0,1775,82.75
Colombia,2014,7.67,7.42,7.42,7.58,7.33,7.67,10,10,10,7.67,0.12,442,82.75
Colombia,2013,7.58,7.33,7.17,7.33,7.25,8.58,10,10,10,7.5,0.1,1300,82.75
Colombia,2012,7.5,7.58,7.42,7.67,7.5,7.58,10,10,10,7.5,0,1625,82.75
Colombia,2012,7.67,7.58,7.58,7.58,7.5,7.42,10,10,10,7.42,0.11,1775,82.75
Costa Rica,2016,7.58,7.5,7.42,7.67,7.42,7.5,10,10,10,7.67,0.09,1850,82.75
El Salvador,2017,7.67,7.67,7.17,7.33,7.58,7.67,10,10,10,7.67,0,1250,82.75
Guatemala,2017,7.58,7.67,7.5,7.58,7.5,7.42,10,10,10,7.5,0.11,1800,82.75
Guatemala,2017,7.5,7.67,7.17,7.67,7.67,7.58,10,10,10,7.5,0.11,1700,82.75
Guatemala,2017,7.5,7.5,7.42,7.58,7.67,7.5,10,10,10,7.58,0.1,100,82.75
Guatemala,2017,7.42,7.58,7.42,7.67,7.5,7.5,10,10,10,7.67,0.1,110,82.75
Guatemala,2017,7.58,7.58,7.33,7.58,7.33,7.67,10,10,10,7.67,0.12,1,82.75
Guatemala,2014,7.75,7.42,7.25,7.75,7.5,7.67,10,10,10,7.42,0.13,399.483072,82.75
Honduras,2017,7.58,7.5,7.42,7.58,7.5,7.5,10,10,10,7.67,0.09,1400,82.75
India,2012,8,7.92,7.67,8,7.75,7.92,10,10,7.75,7.75,0,3000,82.75
Indonesia,2017,7.5,7.58,7.42,7.58,7.58,7.5,10,10,10,7.58,0.12,1500,82.75
Malawi,2014,7.75,7.58,7.42,7.5,7.33,7.5,10,10,10,7.67,0.12,1442,82.75
Mexico,2013,7.58,7.58,7.5,7.5,7.5,7.5,10,10,10,7.58,0.12,1550,82.75
Mexico,2012,7.58,7.58,7.33,7.75,7.25,7.58,10,10,10,7.67,0.12,1200,82.75
Mexico,2012,8.08,8.17,8,8,7.83,7.92,6.67,10,10,8.08,0.12,1200,82.75
Panama,2012,7.42,7.42,7.5,7.58,7.5,7.75,10,10,10,7.58,0,1100,82.75
Taiwan,2016,7.83,7.67,7.33,7.67,7.58,7.67,9.33,10,10,7.67,0,650,82.75
Brazil,2015,7.67,7.58,7.58,7.5,7.5,7.42,10,10,10,7.58,0.11,905,82.83
Brazil,2015,7.58,7.83,7.33,7.67,7.42,7.33,10,10,10,7.67,0.12,900,82.83
Colombia,2014,7.83,7.67,7.5,7.58,7.5,7.67,10,10,10,7.08,0,1600,82.83
Colombia,2013,7.5,7.42,7.58,7.5,7.58,7.58,10,10,10,7.67,0,1800,82.83
Colombia,2013,7.83,7.5,7.5,7.42,7.5,7.5,10,10,10,7.58,0.11,1775,82.83
El Salvador,2016,7.33,7.67,7.67,7.83,7.33,7.67,10,10,10,7.33,0,1250,82.83
El Salvador,2010,7.75,7.58,7.75,7.75,7.25,7.5,10,10,10,7.25,0,1200,82.83
Guatemala,2017,7.5,7.58,7.33,7.67,7.58,7.58,10,10,10,7.58,0.11,1700,82.83
Guatemala,2015,7.58,7.58,7.33,7.67,7.67,7.5,10,10,10,7.5,0.11,50,82.83
Guatemala,2014,7.67,7.67,7.75,7.67,7.42,7.17,10,10,10,7.5,0.1,1500,82.83
Guatemala,2012,7.67,7.67,7.33,7.5,7.33,7.92,10,10,10,7.42,0.11,343.9270541,82.83
Kenya,2017,7.75,7.58,7.42,7.58,7.5,7.5,10,10,10,7.5,0.1,1754,82.83
Mexico,2012,7.58,7.67,7.5,7.58,7.5,7.5,10,10,10,7.5,0.12,1550,82.83
Mexico,2012,7.67,7.58,7.42,7.75,7.42,7.42,10,10,10,7.58,0.12,1250,82.83
Mexico,2012,7.58,7.58,7.5,7.42,7.67,7.58,10,10,10,7.5,0.11,1380,82.83
Rwanda,2015,7.83,7.92,7.75,7.83,7.75,7.75,9.33,9.33,9.33,8,0.11,1900,82.83
Tanzania (United Republic Of),2012,7.67,7.5,7.33,7.25,7.58,7.75,10,10,10,7.75,0.11,1400,82.83
United States,2014,7.42,7.58,7.25,7.5,7.75,7.75,10,10,10,7.58,0,1200,82.83
Vietnam,2014,7.25,7.58,7.5,7.42,7.75,7.42,10,10,10,7.92,0.11,1040,82.83
Brazil,2017,7.67,7.58,7.5,7.58,7.58,7.5,10,10,10,7.5,0,890,82.92
Brazil,2014,7.08,7.5,7.5,7.83,7.75,7.67,10,10,10,7.58,0.11,11000,82.92
Colombia,2017,7.58,7.67,7.5,7.33,7.67,7.58,10,10,10,7.58,0.11,1500,82.92
Colombia,2013,7.58,7.5,7.75,7.33,7.58,7.58,10,10,10,7.58,0.11,1900,82.92
Colombia,2013,7.75,7.5,7.25,7.5,7.75,7.5,10,10,10,7.67,0,1750,82.92
Colombia,2013,7.83,7.67,7.42,7.42,7.5,7.58,10,10,10,7.5,0.11,1450,82.92
Colombia,2011,7.5,7.75,7.33,7.75,7.08,7.83,10,10,10,7.67,0.15,1450,82.92
El Salvador,2017,7.5,7.5,7.75,7.58,7.92,7.83,10,10,9.33,7.5,0,1350,82.92
Ethiopia,2016,7.58,7.58,7.5,7.5,7.58,7.58,10,10,10,7.58,0,2000,82.92
Guatemala,2014,7.75,7.5,7.42,7.58,7.67,7.5,10,10,10,7.5,0.1,1500,82.92
Guatemala,2014,7.67,7.83,7.42,7.5,7.33,7.5,10,10,10,7.67,0.1,1500,82.92
Guatemala,2013,7.83,7.75,7.25,7.92,7.5,7.17,10,10,10,7.5,0.11,399.483072,82.92
Mexico,2015,7.83,7.67,7.25,7.58,7.5,7.5,10,10,10,7.58,0.13,1059,82.92
Mexico,2015,7.75,7.67,7.42,7.42,7.75,7.5,10,10,10,7.42,0.12,1300,82.92
Mexico,2012,7.58,7.58,7.33,7.25,7.58,7.75,10,10,10,7.83,0.1,1248,82.92
Mexico,2012,8,7.92,7.67,7.17,7.67,7.42,9.33,10,10,7.75,0.14,1400,82.92
Philippines,2015,7.58,7.58,7.67,7.58,7.5,7.5,10,10,10,7.5,0.11,1200,82.92
Philippines,2014,8.08,7.5,7.67,7.42,7.33,7.5,10,10,10,7.42,0,1600,82.92
Taiwan,2016,7.17,7.83,7.25,7.67,7.67,7.58,10,10,10,7.75,0.09,464.5152,82.92
Taiwan,2014,7.5,7.58,7.67,7.33,7.5,7.75,10,10,10,7.58,0,775,82.92
Uganda,2013,8,7.5,7.5,7.58,7.33,7.42,10,10,10,7.58,0.12,1650,82.92
Uganda,2013,7.75,7.58,7.58,7.5,7.5,7.5,10,10,10,7.5,0.12,1400,82.92
Vietnam,2012,7.67,7.33,7.17,7.58,8.08,7.42,10,10,10,7.67,0,1040,82.92
Brazil,2017,7.58,7.5,7.5,7.75,7.67,7.5,10,10,10,7.5,0,890,83
Brazil,2016,7.5,7.58,7.58,7.67,7.58,7.5,10,10,10,7.58,0.11,894,83
Brazil,2016,7.5,7.67,7.58,7.67,7.58,7.42,10,10,10,7.58,0.11,872,83
Brazil,2014,7.67,7.67,7.67,7.5,7.42,7.5,10,10,10,7.58,0,1000,83
Brazil,2013,7.75,7.58,7.42,7.67,7.42,7.67,10,10,10,7.5,0.12,1250,83
Colombia,2016,7.67,7.67,7.33,7.67,7.5,7.58,10,10,10,7.58,0.11,527.6892672,83
Colombia,2013,7.75,7.42,7.33,7.5,7.58,7.17,10,10,10,8.25,0.11,1775,83
Colombia,2013,7.83,7.5,7.58,7.33,7.5,7.67,10,10,10,7.58,0,1750,83
Colombia,2013,7.33,7.67,7.75,7.42,7.75,7.58,10,10,10,7.5,0.11,1000,83
Colombia,2013,7.58,7.75,7.42,7.67,7.58,7.42,10,10,10,7.58,0,1000,83
Colombia,2012,7.5,7.5,7.42,7.58,7.75,7.58,10,10,10,7.67,0.11,1775,83
Colombia,2012,7.75,7.58,7.5,7.67,7.83,7.75,9.33,10,10,7.58,0,1625,83
Colombia,2012,7.67,7.58,7.58,7.58,7.67,7.42,10,10,10,7.5,0.11,1750,83
Colombia,2011,7.67,7.67,7.58,7.5,7.67,7.42,10,10,10,7.5,0.12,1775,83
Colombia,2011,7.33,7.67,7.58,7.33,7.58,7.92,10,10,10,7.58,0.08,1450,83
Colombia,2011,7.5,7.58,7.67,7.67,7.58,7.58,10,10,10,7.42,0.06,1800,83
Costa Rica,2013,7.67,7.58,7.5,7.58,7.5,7.5,10,10,10,7.67,0.11,1200,83
Guatemala,2015,7.67,7.75,7.33,7.92,7.42,7.5,10,10,10,7.42,0.11,1550,83
Guatemala,2015,7.75,7.67,7.33,7.75,7.5,7.42,10,10,10,7.58,0.11,371.61216,83
Guatemala,2015,7.83,7.67,7.25,7.67,7.75,7.5,10,10,10,7.33,0.11,1500,83
Guatemala,2014,7.67,7.67,7.42,7.83,7.5,7.5,10,10,10,7.42,0.1,1500,83
Guatemala,2012,7.5,7.67,7.5,7.67,7.5,7.83,10,10,10,7.33,0.1,371.61216,83
Mexico,2012,7.67,7.58,7.42,7.5,7.67,7.58,10,10,10,7.58,0.11,750,83
Mexico,2012,7.67,7.83,7.5,7.58,7.58,7.67,9.33,10,10,7.83,0.11,1200,83
Mexico,2012,7.5,7.67,7.5,7.5,7.58,7.58,10,10,10,7.67,0.11,1200,83
Taiwan,2014,7.92,7.92,7.83,7.58,7.33,7.25,10,10,10,7.17,0.08,1200,83
Uganda,2015,7.67,7.58,7.42,7.42,7.83,7.5,10,10,10,7.58,0.12,1473,83
Uganda,2015,7.67,7.67,7.5,7.58,7.42,7.5,10,10,10,7.67,0.12,1645,83
Uganda,2013,7.83,7.58,7.5,7.5,7.58,7.5,10,10,10,7.5,0.12,1800,83
Uganda,2013,8,7.92,7.92,7.75,7.83,7.75,10,10,7.75,8.08,0.12,1212,83
Uganda,2013,8.33,7.83,7.83,7.75,8.25,7.75,10,10,7.58,7.67,0.12,1250,83
United States (Puerto Rico),2013,7.67,7.5,7.67,7.83,7.75,7.83,10,10,9.33,7.42,0,1,83
Vietnam,2014,7.75,7.67,7.58,7.58,7.42,7.67,9.33,10,10,8,0,1550,83
Brazil,2015,7.58,7.58,7.58,7.5,7.67,7.58,10,10,10,7.58,0.11,905,83.08
Brazil,2015,7.33,7.67,7.67,7.33,7.75,7.42,10,10,10,7.92,0,399.483072,83.08
Brazil,2014,7.58,7.83,7.67,7.42,7.42,7.5,10,10,10,7.67,0,1200,83.08
Colombia,2016,7.58,7.67,7.33,7.67,7.75,7.58,10,10,10,7.5,0,1799,83.08
Colombia,2010,7.83,7.75,7.33,7.25,7.42,7.92,10,10,10,7.58,0.08,1880,83.08
Costa Rica,2014,7.83,7.33,7.5,7.67,7.58,7.67,10,10,10,7.5,0.1,1300,83.08
Indonesia,2010,7.67,7.58,7.5,7.58,7.67,7.58,10,10,10,7.5,0,1350,83.08
Mexico,2012,7.75,7.67,7.42,7.75,7.5,7.5,10,10,10,7.5,0.1,1400,83.08
Taiwan,2015,7.83,7.92,7.5,7.83,7.67,7.25,9.33,10,10,7.75,0,750,83.08
Taiwan,2013,7.75,7.75,7.5,7.5,7.5,7.5,10,10,10,7.58,0.11,1300,83.08
Brazil,2017,7.67,7.42,7.5,7.58,7.67,7.58,10,10,10,7.75,0.11,890,83.17
Brazil,2012,7.75,7.67,7.58,7.5,7.58,7.58,10,10,10,7.5,0.12,1000,83.17
Brazil,2012,7.92,7.58,7.5,7.58,7.42,7.5,10,10,10,7.67,0.11,950,83.17
Brazil,2011,7.75,7.5,7.58,7.5,7.75,7.5,10,10,10,7.58,0.12,1000,83.17
Brazil,2011,7.58,7.75,7.67,7.5,7.67,7.58,10,10,10,7.42,0.02,900,83.17
China,2015,7.5,7.67,7.33,7.67,7.67,7.67,10,10,10,7.67,0.11,1200,83.17
China,2015,7.67,7.67,7.5,7.67,7.42,7.58,10,10,10,7.67,0.1,1600,83.17
Colombia,2014,7.58,7.5,7.5,7.67,7.5,7.67,10,10,10,7.75,0,1775,83.17
Colombia,2012,7.67,7.5,7.5,7.5,7.58,8.17,10,10,10,7.25,0.11,1775,83.17
Colombia,2012,7.58,7.67,7.5,7.58,7.67,7.67,10,10,10,7.5,0.11,1750,83.17
El Salvador,2016,7.5,7.5,7.33,7.67,8,7.67,10,10,10,7.5,0,1350,83.17
El Salvador,2010,7.42,7.83,8.17,8.08,7.17,7.58,10,9.33,10,7.58,0.14,1200,83.17
Guatemala,2017,7.58,7.58,7.33,7.67,7.75,7.58,10,10,10,7.67,0.1,1901,83.17
Guatemala,2016,7.67,7.75,7.42,7.75,7.58,7.5,10,10,10,7.5,0.11,1500,83.17
Guatemala,2015,7.5,7.75,7.5,7.83,7.58,7.5,10,10,10,7.5,0.11,1500,83.17
Guatemala,2015,7.92,7.67,7.42,7.75,7.5,7.5,10,10,10,7.42,0.12,1650,83.17
Guatemala,2014,7.33,7.83,7.17,8.17,7.33,7.67,10,10,10,7.67,0.09,399.483072,83.17
Guatemala,2013,7.67,7.83,7.33,7.67,7.5,7.67,10,10,10,7.5,0.11,340.3967386,83.17
Guatemala,2012,7.75,7.5,7.67,7.5,7.92,8,10,10,9.33,7.5,0,371.61216,83.17
Honduras,2016,7.67,7.67,7.5,7.67,7.5,7.67,10,10,10,7.5,0.11,1450,83.17
Honduras,2013,7.5,7.5,7.5,7.67,7.67,7.67,10,10,10,7.67,0.1,1450,83.17
Honduras,2014,7.67,7.67,7.5,7.67,7.5,7.67,10,10,10,7.5,0.11,1350,83.17
Kenya,2014,7.83,7.75,7.67,7.75,7.83,8.5,9.33,9.33,9.33,7.83,0.1,464.5152,83.17
Mexico,2013,7.75,7.58,7.58,7.58,7.5,7.42,10,10,10,7.75,0.11,1500,83.17
Mexico,2012,7.75,7.67,7.58,7.5,7.42,7.58,10,10,10,7.67,0.12,534.19248,83.17
Mexico,2012,7.58,7.75,7.42,7.67,7.5,7.58,10,10,10,7.67,0.14,1089,83.17
Mexico,2012,7.75,7.5,7.42,7.75,7.58,7.58,10,10,10,7.58,0.13,700,83.17
Mexico,2012,7.5,7.75,7.58,7.58,7.67,7.5,10,10,10,7.58,0.11,1380,83.17
Tanzania (United Republic Of),2016,7.67,7.58,7.42,7.67,7.67,7.58,10,10,10,7.58,0.12,442,83.17
Tanzania (United Republic Of),2014,7.58,7.67,7.67,7.58,7.42,7.58,10,10,10,7.67,0.13,1653,83.17
Tanzania (United Republic Of),2014,7.58,7.5,7.58,7.75,7.58,7.58,10,10,10,7.58,0.12,1800,83.17
Thailand,2014,7.67,7.58,7.58,7.75,7.42,7.67,10,10,10,7.5,0.12,800,83.17
Uganda,2014,8,7.67,7.5,7.42,7.33,7.58,10,10,10,7.67,0.1,1800,83.17
Vietnam,2017,7.58,7.42,7.08,7.33,7.58,8.58,10,10,10,7.58,0.07,1550,83.17
Brazil,2012,7.75,7.67,7.5,7.58,7.58,7.58,10,10,10,7.58,0.11,1200,83.25
Colombia,2015,7.58,7.67,7.67,7.17,7.75,7.83,10,10,10,7.58,0,525,83.25
Colombia,2014,7.58,7.58,7.5,7.58,7.58,7.75,10,10,10,7.67,0,1483,83.25
Colombia,2013,7.83,7.5,7.67,7.33,7.67,7.67,10,10,10,7.58,0.11,1750,83.25
Colombia,2012,7.67,7.58,7.58,7.42,7.83,7.58,10,10,10,7.58,0.12,442,83.25
Colombia,2012,7.67,7.67,7.5,7.5,7.58,7.67,10,10,10,7.67,0.11,1775,83.25
Colombia,2011,7.92,7.75,7.25,7.42,7.83,7.58,10,10,10,7.5,0.08,1700,83.25
Colombia,2010,8,7.67,7.67,7.25,7.67,7.5,10,10,10,7.5,0.13,1880,83.25
Colombia,2010,7.92,7.75,7.5,7.42,7.42,7.67,10,10,10,7.58,0.04,1800,83.25
Costa Rica,2016,7.5,7.5,7.83,7.5,7.67,7.67,10,10,10,7.58,0.11,1900,83.25
Guatemala,2016,7.5,7.58,7.42,7.83,7.67,7.58,10,10,10,7.67,0.11,2100,83.25
Guatemala,2014,7.5,7.67,7.58,7.67,7.67,7.5,10,10,10,7.67,0.1,1500,83.25
Guatemala,2012,7.83,7.58,7.08,7.83,7.42,8.08,10,10,10,7.42,0.11,335.1012653,83.25
India,2015,7.92,7.83,7.92,8,7.83,7.92,10,10,7.83,8,0,1000,83.25
Mexico,2017,7.67,7.83,7.42,7.83,7.33,7.5,10,10,10,7.67,0.11,1600,83.25
Mexico,2015,7.83,7.75,7.5,7.58,7.58,7.58,10,10,10,7.42,0.12,1261,83.25
Mexico,2013,7.58,7.75,7.5,7.5,7.58,7.58,10,10,10,7.75,0.12,1300,83.25
Mexico,2012,7.75,7.75,7.42,7.92,7.33,7.5,10,10,10,7.58,0.12,1000,83.25
Taiwan,2015,7.67,7.5,7.5,7.5,7.67,7.83,10,10,10,7.58,0.1,1000,83.25
Taiwan,2014,7.92,7.83,7.75,7.58,7.5,7.33,10,10,10,7.33,0.1,800,83.25
Brazil,2015,7.5,7.83,7.33,7.58,7.58,7.92,10,10,10,7.58,0.1,1227,83.33
Burundi,2012,7.75,7.67,7.33,7.5,7.5,7.75,10,10,10,7.83,0,1880,83.33
Colombia,2016,7.75,7.5,7.75,7.58,7.58,7.58,10,10,10,7.58,0,1650,83.33
Colombia,2015,7.67,7.75,7.42,7.83,7.83,7.42,10,10,10,7.42,0.11,1650,83.33
Colombia,2013,7.67,7.67,7.5,7.67,7.92,7.42,10,10,10,7.5,0.11,1000,83.33
Colombia,2012,7.5,7.67,7.67,7.58,7.67,7.58,10,10,10,7.67,0,1750,83.33
Costa Rica,2014,7.67,7.67,7.42,7.67,7.67,7.67,10,10,10,7.58,0.12,1300,83.33
Costa Rica,2013,7.5,7.67,7.67,7.5,7.83,7.17,10,10,10,8,0.11,1200,83.33
Guatemala,2013,7.83,7.67,7.17,7.67,7.67,7.67,10,10,10,7.67,0.11,325.16064,83.33
Haiti,2012,7.58,7.5,7.67,7.5,7.83,7.42,10,10,10,7.83,0.11,250.5,83.33
Mexico,2014,7.75,7.75,7.5,7.67,7.5,7.58,10,10,10,7.58,0.12,1200,83.33
Mexico,2013,7.67,7.67,7.58,7.67,7.5,7.58,10,10,10,7.67,0.12,1100,83.33
Tanzania (United Republic Of),2014,7.75,7.58,7.67,7.58,7.58,7.58,10,10,10,7.58,0.12,1700,83.33
Colombia,2017,7.5,7.58,7.58,7.5,7.75,7.83,10,10,10,7.67,0,464.5152,83.42
Colombia,2016,7.67,7.67,7.5,7.67,7.67,7.58,10,10,10,7.67,0.11,520.257024,83.42
Colombia,2015,7.58,7.67,7.58,7.67,7.58,7.67,10,10,10,7.67,0.12,520.257024,83.42
Colombia,2014,7.58,7.58,7.25,7.75,7.75,8.58,9.33,10,10,7.58,0.12,1813,83.42
Colombia,2012,7.5,7.75,7.58,7.5,7.67,7.75,10,10,10,7.67,0.11,1450,83.42
Costa Rica,2016,7.58,7.5,7.42,7.92,7.5,7.67,10,10,10,7.83,0.09,1850,83.42
El Salvador,2016,7.58,7.5,7.75,7.58,7.75,7.67,10,10,10,7.58,0.11,1330,83.42
Guatemala,2017,7.67,7.75,7.5,7.58,7.58,7.67,10,10,10,7.67,0.1,1700,83.42
Guatemala,2013,7.75,7.83,7.33,7.83,7.5,7.67,10,10,10,7.5,0.1,48.12377472,83.42
Guatemala,2014,7.67,7.75,7.5,7.83,7.58,7.5,10,10,10,7.58,0.1,1500,83.42
Guatemala,2013,7.67,7.5,7.75,7.42,7.75,7.75,10,10,10,7.58,0.11,300,83.42
Tanzania (United Republic Of),2014,7.75,7.67,7.58,7.67,7.58,7.58,10,10,10,7.58,0.13,1600,83.42
Thailand,2015,7.5,7.58,7.75,7.5,7.75,7.67,10,10,10,7.67,0.13,1200,83.42
Uganda,2015,7.58,7.75,7.33,7.75,7.67,7.58,10,10,10,7.75,0.11,1800,83.42
Colombia,2016,7.75,7.58,7.58,7.75,7.75,7.5,10,10,10,7.58,0,1799,83.5
Colombia,2016,7.75,7.58,7.58,7.5,7.75,7.75,10,10,10,7.58,0,1000,83.5
Colombia,2015,7.58,7.58,7.58,7.58,7.75,7.67,10,10,10,7.75,0.12,1775,83.5
Colombia,2014,8,7.58,7.25,7.58,7.92,7.58,10,10,10,7.58,0.11,1850,83.5
Colombia,2014,7.75,7.58,7.33,7.5,7.83,7.83,10,10,10,7.67,0,1650,83.5
Colombia,2013,7.58,7.75,7.42,7.67,7.75,7.67,10,10,10,7.67,0,1750,83.5
Colombia,2013,7.58,7.67,7.58,7.75,7.58,7.75,10,10,10,7.58,0.11,1750,83.5
Colombia,2012,7.67,7.58,7.58,7.67,7.67,7.67,10,10,10,7.67,0.11,1775,83.5
Costa Rica,2015,7.92,7.42,7.5,7.67,7.5,7.67,10,10,10,7.83,0,1850,83.5
Ethiopia,2014,7.67,7.75,7.5,7.58,7.75,7.67,10,10,10,7.58,0.1,1600,83.5
Guatemala,2016,7.67,7.75,7.5,7.83,7.58,7.58,10,10,10,7.58,0.1,48.12377472,83.5
Guatemala,2013,7.58,7.75,7.5,7.83,7.42,7.67,10,10,10,7.75,0.1,1400,83.5
Guatemala,2012,7.83,7.5,7.5,8,7.67,7.5,10,10,10,7.5,0.1,399.483072,83.5
Guatemala,2012,7.5,7.5,7.75,7.5,8,7.67,10,10,10,7.58,0,371.61216,83.5
Honduras,2014,7.67,7.5,7.67,7.5,7.67,7.67,10,10,10,7.83,0.1,1350,83.5
India,2017,8,7.75,7.92,8,7.92,7.92,10,10,8,8,0,3170,83.5
Indonesia,2015,7.25,7.67,7.58,7.92,7.83,7.58,10,10,10,7.67,0.13,1500,83.5
Indonesia,2010,7.83,7.58,7.58,7.58,7.75,7.58,10,10,10,7.58,0,1600,83.5
Mexico,2012,7.83,7.58,7.25,7.5,7.5,7.42,10,10,10,8.42,0.13,1170,83.5
Mexico,2012,7.67,7.75,7.67,7.75,7.58,7.5,10,10,10,7.58,0.11,940,83.5
Mexico,2012,7.75,7.67,7.67,7.75,7.33,7.5,10,10,10,7.83,0.12,1400,83.5
Tanzania (United Republic Of),2015,7.75,7.67,7.58,7.67,7.67,7.58,10,10,10,7.58,0.13,1400,83.5
Brazil,2017,7.58,7.67,7.58,7.58,7.67,7.58,10,10,10,7.92,0.11,890,83.58
Brazil,2012,7.83,7.75,7.5,7.75,7.5,7.58,10,10,10,7.67,0.12,1100,83.58
China,2015,7.67,7.58,7.58,7.58,7.67,7.75,10,10,10,7.75,0.1,1100,83.58
Colombia,2015,7.67,7.75,7.58,7.67,7.75,7.58,10,10,10,7.58,0.12,1775,83.58
Colombia,2014,7.67,7.58,7.67,7.67,7.67,7.67,10,10,10,7.67,0,1600,83.58
Colombia,2014,7.67,7.58,7.67,7.58,7.67,7.75,10,10,10,7.67,0.12,1550,83.58
Colombia,2014,7.75,7.58,7.5,7.58,7.75,7.83,10,10,10,7.58,0,1550,83.58
Colombia,2012,7.67,7.67,7.58,7.67,7.75,7.58,10,10,10,7.67,0.11,1775,83.58
Colombia,2012,7.67,7.58,7.58,7.58,7.67,7.75,10,10,10,7.75,0.11,2136,83.58
Ethiopia,2014,7.75,7.67,7.58,7.67,7.5,7.67,10,10,10,7.75,0,1850,83.58
Guatemala,2016,7.75,7.75,7.5,7.83,7.58,7.58,10,10,10,7.58,0.11,12,83.58
Mexico,2014,7.75,7.75,7.58,7.58,7.5,7.67,10,10,10,7.75,0.12,1200,83.58
Mexico,2012,7.83,7.67,7.58,7.58,7.67,7.58,10,10,10,7.67,0.12,1000,83.58
Taiwan,2013,7.75,7.75,7.75,7.75,7.5,7.58,10,10,10,7.5,0.11,1000,83.58
Uganda,2013,7.67,7.67,7.42,7.75,7.75,7.67,10,10,10,7.67,0.12,1800,83.58
Brazil,2017,7.67,7.83,7.5,7.67,7.67,7.5,10,10,10,7.83,0.11,890,83.67
Brazil,2016,7.58,7.75,7.58,7.75,7.58,7.58,10,10,10,7.83,0.11,934,83.67
Colombia,2014,7.5,7.75,7.5,7.75,7.67,7.67,10,10,10,7.83,0.11,1625,83.67
Colombia,2013,7.83,7.75,7.67,7.58,7.58,7.67,10,10,10,7.58,0,1750,83.67
Colombia,2013,7.67,7.67,7.67,7.67,7.33,7.75,10,10,10,7.92,0,1900,83.67
Colombia,2012,7.75,7.75,7.58,7.83,7.17,7.75,10,10,10,7.83,0.11,1750,83.67
Guatemala,2014,8,7.5,7.33,8,8,8,9.33,10,10,7.5,0.1,371.61216,83.67
Guatemala,2013,7.67,7.67,7.42,7.67,8,7.75,10,10,10,7.5,0.12,260.128512,83.67
Guatemala,2013,7.83,7.67,7.33,7.67,7.67,7.83,10,10,10,7.67,0.11,278.70912,83.67
Guatemala,2012,8.17,8.17,7.83,7.67,8.08,7.75,9.33,9.33,9.33,8,0.11,1450,83.67
Guatemala,2012,7.67,8.17,7.5,7.42,7.58,7.83,10,10,10,7.5,0.11,280,83.67
Guatemala,2012,7.67,7.5,7.33,8,7.67,7.67,10,10,10,7.83,0.1,399.483072,83.67
Honduras,2016,7.5,7.5,7.67,7.67,8,8,10,10,10,7.33,0.1,1400,83.67
Indonesia,2012,8.17,7.67,7.58,7.58,7.42,7.67,10,10,10,7.58,0.12,1400,83.67
Kenya,2017,8.08,7.67,7.67,7.58,7.25,7.67,10,10,10,7.75,0.11,1700,83.67
Mexico,2012,7.67,7.5,7.5,7.33,7.83,8.25,10,10,10,7.58,0.12,1100,83.67
Nicaragua,2016,7.67,7.75,7.67,7.67,7.83,7.58,10,10,10,7.5,0.1,1250,83.67
Taiwan,2015,7.5,7.67,7.33,7.92,7.83,7.67,10,10,10,7.75,0.1,1200,83.67
Thailand,2014,7.5,7.75,7.58,7.83,7.67,7.58,10,10,10,7.75,0.12,800,83.67
Brazil,2017,7.67,7.67,7.58,7.75,7.67,7.67,10,10,10,7.75,0.11,890,83.75
China,2015,7.83,7.75,7.67,7.5,7.58,7.67,10,10,10,7.75,0.1,1650,83.75
Colombia,2017,7.83,7.83,7.58,7.58,7.58,7.58,10,10,10,7.75,0.11,520.257024,83.75
Colombia,2015,7.75,7.67,7.5,7.67,7.58,7.83,10,10,10,7.75,0,520.257024,83.75
Colombia,2014,7.67,7.67,7.67,7.92,7.5,7.67,10,10,10,7.67,0,1775,83.75
Colombia,2014,7.67,7.42,7.42,7.42,8,8.33,10,10,10,7.5,0,1550,83.75
Colombia,2013,7.58,7.67,7.75,7.67,7.67,7.67,10,10,10,7.75,0,1750,83.75
Colombia,2013,7.75,7.67,7.75,7.58,7.42,8,10,10,10,7.58,0.11,1750,83.75
Colombia,2011,7.83,7.83,7.58,7.33,7.42,7.67,10,10,10,8.08,0.1,1600,83.75
Colombia,2010,7.75,7.67,7.25,7.25,7.58,8.5,10,10,10,7.75,0.06,1600,83.75
Guatemala,2012,7.67,7.58,7.58,7.67,7.75,7.75,10,10,10,7.75,0.11,1300,83.75
Mexico,2012,7.83,7.58,7.58,7.5,7.75,7.67,10,10,10,7.83,0.13,700,83.75
Taiwan,2016,7.67,7.67,7.58,7.58,7.67,7.83,10,10,10,7.75,0,750,83.75
Uganda,2013,8,7.92,7.58,7.75,7.33,7.5,10,10,10,7.67,0.12,1400,83.75
Uganda,2013,7.83,8.08,7.75,7.92,8.25,7.92,10,10,8,8,0.12,1488,83.75
United States (Puerto Rico),2013,7.83,7.83,7.83,7.67,8,8.17,9.33,9.33,10,7.75,0.12,1,83.75
Brazil,2015,7.25,7.58,7.42,8,7.75,7.83,10,10,10,8,0,399.483072,83.83
Brazil,2014,7.67,7.67,7.58,7.5,7.83,8.17,10,10,9.33,8.08,0,1200,83.83
Brazil,2013,7.92,7.5,7.33,7.67,8.17,7.5,10,10,10,7.75,0.1,1260,83.83
Brazil,2011,7.83,7.83,7.58,7.67,7.5,7.58,10,10,10,7.83,0.12,1250,83.83
Colombia,2017,7.92,7.58,7.5,7.83,7.58,7.67,10,10,10,7.75,0,2527,83.83
Colombia,2013,7.67,7.58,7.58,7.83,7.58,7.67,10,10,10,7.92,0.11,1750,83.83
Costa Rica,2015,7.67,7.67,7.75,7.67,7.5,7.75,10,10,10,7.83,0,1850,83.83
Costa Rica,2013,7.83,7.42,7.5,7.83,7.75,7.83,10,10,10,7.67,0.1,1300,83.83
Ecuador,2013,7.5,7.67,7.58,7.75,7.83,7.83,10,10,10,7.67,0.09,800,83.83
Ethiopia,2014,7.75,7.75,7.67,7.67,7.58,7.67,10,10,10,7.75,0.12,1676.5,83.83
Guatemala,2016,7.75,7.75,7.5,7.75,7.83,7.58,10,10,10,7.67,0.11,1500,83.83
Guatemala,2014,7.58,7.83,7.33,8,7.58,7.75,10,10,10,7.75,0.1,48.12377472,83.83
Guatemala,2013,7.5,7.83,7.5,7.83,7.83,7.67,10,10,10,7.67,0.11,260.128512,83.83
Mexico,2012,7.67,8,7.67,7.42,7.67,7.5,10,10,10,7.92,0.1,1218,83.83
Mexico,2012,7.67,7.58,7.5,7.75,7.75,7.75,10,10,10,7.83,0.11,1300,83.83
Taiwan,2016,7.75,7.67,7.5,7.75,7.75,7.67,10,10,10,7.75,0,1200,83.83
Taiwan,2014,7.67,7.75,7.67,7.75,7.42,7.75,10,10,10,7.83,0,534.19248,83.83
Thailand,2011,7.75,7.75,7.58,8,7.67,7.58,10,10,10,7.5,0.02,399.483072,83.83
Brazil,2017,7.5,7.75,7.58,7.5,7.58,7.5,10,10,10,8.5,0,890,83.92
Brazil,2016,7.58,7.67,7.67,7.75,7.58,7.83,10,10,10,7.83,0.11,934,83.92
Colombia,2016,7.75,7.67,7.5,7.75,7.83,7.75,10,10,10,7.67,0.11,510.96672,83.92
Colombia,2014,7.75,7.58,7.67,7.83,7.83,7.67,10,10,10,7.58,0,1775,83.92
Colombia,2014,7.67,7.83,7.67,7.75,7.67,7.83,10,10,10,7.5,0.12,1550,83.92
Mexico,2017,7.83,7.83,7.58,7.92,7.42,7.5,10,10,10,7.83,0.11,1300,83.92
Mexico,2012,7.67,7.75,7.58,7.67,7.75,7.83,10,10,10,7.67,0.12,900,83.92
Mexico,2012,7.5,7.67,7.58,7.83,7.75,7.75,10,10,10,7.83,0.11,1500,83.92
Mexico,2012,7.75,7.92,7.83,7.92,7.75,7.67,9.33,10,10,7.75,0,1400,83.92
Taiwan,2015,7.83,7.75,7.83,7.75,7.83,7.75,9.33,10,10,7.83,0.11,1200,83.92
Taiwan,2014,8,7.92,7.92,7.92,7.67,7.33,10,10,10,7.17,0.06,950,83.92
Thailand,2015,7.67,7.75,7.5,7.67,7.67,7.83,10,10,10,7.83,0.1,1350,83.92
Brazil,2013,7.58,7.83,7.67,7.25,8,7.75,10,10,10,7.92,0.1,1260,84
Colombia,2014,7.67,7.67,7.83,7.58,7.58,7.83,10,10,10,7.83,0.11,1600,84
Colombia,2014,7.67,7.75,7.67,7.67,7.67,7.75,10,10,10,7.83,0.12,1480,84
Colombia,2014,7.58,7.42,7.75,7.92,7.75,7.92,10,10,10,7.67,0.12,1450,84
Colombia,2014,7.67,7.67,7.5,7.5,7.67,7.67,10,10,10,8.33,0.12,1775,84
Colombia,2013,7.67,7.83,7.67,7.75,7.67,7.75,10,10,10,7.67,0.11,1700,84
Ethiopia,2017,7.83,7.75,7.67,7.75,7.33,7.75,10,10,10,7.92,0.11,1800,84
Ethiopia,2013,7.75,7.75,7.5,7.58,7.67,7.92,10,10,10,7.83,0.09,1550,84
Guatemala,2015,7.67,7.83,7.58,7.92,7.75,7.67,10,10,10,7.58,0.12,399.483072,84
Guatemala,2014,7.92,7.67,7.42,7.92,7.75,7.83,10,10,10,7.5,0.1,13,84
Guatemala,2014,7.75,7.83,7.5,7.83,7.58,7.67,10,10,10,7.83,0.1,40,84
Honduras,2017,7.42,7.83,7.75,7.92,7.75,7.58,10,10,10,7.75,0.1,1500,84
Kenya,2012,7.67,7.83,7.5,7.75,7.92,7.67,10,10,10,7.67,0,1200,84
Kenya,2012,7.67,7.75,7.67,7.75,7.83,7.67,10,10,10,7.67,0,1650,84
Uganda,2012,7.92,7.75,7.58,7.67,7.67,7.83,10,10,10,7.58,0.1,1700,84
Colombia,2017,7.83,7.5,7.42,7.5,7.83,8.5,10,10,10,7.5,0,487.74096,84.08
Colombia,2014,7.92,7.75,7.67,7.75,7.67,7.67,10,10,10,7.67,0,1775,84.08
Ethiopia,2012,7.92,7.92,7.83,8,7.92,7.92,10,10,8.67,7.92,0.09,1800,84.08
Guatemala,2014,7.58,7.75,7.67,8,7.75,7.67,10,10,10,7.67,0.1,1550,84.08
Mexico,2012,7.67,7.75,7.67,7.75,7.67,7.75,10,10,10,7.83,0.11,1480,84.08
Taiwan,2016,7.58,7.67,7.67,7.67,7.75,7.83,10,10,10,7.92,0.1,968,84.08
Brazil,2015,7.67,7.75,7.75,7.67,7.83,7.75,10,10,10,7.75,0,1150,84.17
Brazil,2012,7.58,7.83,7.75,7.67,7.67,8,10,10,10,7.67,0.11,1038.5,84.17
Colombia,2015,8,7.5,7.5,7.67,8,7.83,10,10,10,7.67,0,1775,84.17
Colombia,2014,7.67,7.5,7.67,7.42,7.83,8.58,10,10,10,7.5,0.12,1530,84.17
Colombia,2012,7.75,7.75,7.75,7.75,7.83,7.75,10,10,10,7.58,0,1750,84.17
Costa Rica,2016,7.92,7.75,7.67,7.67,7.5,7.67,10,10,10,8,0.09,1700,84.17
Costa Rica,2014,7.67,7.75,7.67,7.75,7.5,8,10,10,10,7.83,0,1850,84.17
El Salvador,2013,8.42,8.08,7.5,7.17,7.58,8.17,9.33,10,10,7.92,0.11,1500,84.17
Ethiopia,2014,7.5,7.92,7.58,7.83,7.75,7.83,10,10,10,7.75,0.1,1606.5,84.17
Guatemala,2017,7.75,7.83,7.58,7.83,7.67,7.75,10,10,10,7.75,0.13,1700,84.17
Guatemala,2016,7.75,7.75,7.58,8,7.67,7.83,10,10,10,7.58,0.11,12,84.17
Guatemala,2016,7.75,7.92,7.58,7.92,7.67,7.67,10,10,10,7.67,0.1,1565,84.17
Guatemala,2016,7.58,7.83,7.58,7.83,7.83,7.67,10,10,10,7.83,0.1,3280,84.17
Guatemala,2013,7.92,7.75,7.67,7.67,7.83,7.92,10,10,10,7.42,0.11,260.128512,84.17
Kenya,2013,7.58,7.75,7.75,7.75,7.75,7.83,10,10,10,7.75,0.08,457.1758598,84.17
Nicaragua,2015,7.67,7.83,7.83,7.5,7.67,7.83,10,10,10,7.83,0.12,1000,84.17
Tanzania (United Republic Of),2014,7.92,7.75,7.75,7.75,7.75,7.58,10,10,10,7.67,0.13,1400,84.17
Uganda,2012,7.83,7.75,7.5,7.83,7.83,7.75,10,10,10,7.67,0.11,1600,84.17
China,2015,7.83,7.83,7.58,7.75,7.75,7.75,10,10,10,7.75,0.1,1400,84.25
Colombia,2016,7.83,7.58,7.75,7.58,7.67,8,10,10,10,7.83,0.11,2560,84.25
Colombia,2015,7.67,7.67,7.75,7.75,7.67,7.92,10,10,10,7.83,0.11,1775,84.25
Colombia,2015,7.83,7.67,7.75,7.58,7.92,7.75,10,10,10,7.75,0.12,1775,84.25
Colombia,2015,7.83,7.75,7.83,7.58,7.67,7.75,10,10,10,7.83,0.12,1800,84.25
Colombia,2015,7.42,7.67,7.83,7.75,7.92,7.83,10,10,10,7.83,0.12,464.5152,84.25
Colombia,2013,7.58,7.5,7.75,7.83,7.92,7.83,10,10,10,7.83,0.11,1700,84.25
Guatemala,2016,7.75,7.75,7.58,7.92,7.75,7.75,10,10,10,7.75,0.11,1500,84.25
Guatemala,2015,7.75,7.92,7.5,8.08,7.58,7.67,10,10,10,7.75,0.1,1,84.25
Guatemala,2014,7.83,7.83,7.5,7.92,7.58,7.75,10,10,10,7.83,0.1,13,84.25
Mexico,2012,7.83,7.92,7.67,7.83,7.5,7.75,10,10,10,7.75,0.12,1450,84.25
Mexico,2012,7.83,7.83,7.75,7.67,7.83,7.58,10,10,10,7.75,0.12,1170,84.25
Mexico,2012,7.83,7.92,7.67,7.75,7.5,7.75,10,10,10,7.83,0.1,1400,84.25
Taiwan,2016,7.92,7.75,7.75,7.67,7.67,7.83,10,10,10,7.67,0.12,1000,84.25
Tanzania (United Republic Of),2014,7.83,7.67,7.75,7.83,7.67,7.67,10,10,10,7.83,0.12,1620,84.25
Tanzania (United Republic Of),2014,7.83,7.75,7.75,7.75,7.67,7.75,10,10,10,7.75,0.12,1600,84.25
Thailand,2015,7.83,7.75,7.75,7.42,7.83,7.67,10,10,10,8,0.12,1200,84.25
Uganda,2012,8.17,7.75,7.58,7.67,7.83,7.58,10,10,10,7.67,0.13,1700,84.25
Brazil,2011,8.17,8,7.5,7.75,7.5,7.67,10,10,10,7.75,0,1275,84.33
Brazil,2011,8,8,7.5,7.5,7.67,7.75,10,10,10,7.92,0.02,1050,84.33
Colombia,2015,7.75,7.67,8,7.67,8.08,7.83,10,10,10,7.33,0.11,464.5152,84.33
Colombia,2013,7.75,7.58,7.33,7.83,7.58,8.08,10,10,10,8.17,0,1800,84.33
Guatemala,2010,7.5,7.67,7.75,7.67,7.92,7.92,10,10,10,7.92,0.04,371.61216,84.33
Honduras,2016,7.92,8,7.75,7.67,7.67,7.75,10,10,10,7.58,0.1,1500,84.33
Honduras,2016,7.58,7.92,7.58,7.75,7.92,7.75,10,10,10,7.83,0.11,1500,84.33
Kenya,2017,7.33,7.58,7.83,7.75,7.75,7.92,10,10,10,8.17,0.11,1800,84.33
Mexico,2012,8,7.75,7.75,7.83,7.5,7.67,10,10,10,7.83,0.12,1700,84.33
Colombia,2014,7.92,7.75,7.67,7.92,7.67,7.75,10,10,10,7.75,0,1775,84.42
Costa Rica,2016,7.58,7.83,7.83,8,7.67,7.58,10,10,10,7.92,0.1,1300,84.42
Indonesia,2017,7.67,7.67,7.83,7.58,7.83,7.83,10,10,10,8,0,1400,84.42
Mexico,2012,7.75,7.92,7.75,7.67,7.83,7.67,10,10,10,7.83,0.12,900,84.42
Taiwan,2012,7.83,7.83,7.75,8,7.5,7.75,10,10,10,7.75,0.11,1200,84.42
China,2015,7.75,7.92,7.67,7.83,7.75,7.67,10,10,10,7.92,0.1,1680,84.5
China,2013,7.67,8,7.75,7.83,7.75,7.58,10,10,10,7.92,0,1100,84.5
Colombia,2015,8.08,7.67,7.83,7.83,7.67,7.67,10,10,10,7.75,0.12,1800,84.5
Costa Rica,2017,7.92,7.67,7.92,7.75,7.67,7.58,10,10,10,8,0.1,1200,84.5
Costa Rica,2014,7.92,7.83,7.83,7.83,7.58,7.58,10,10,10,7.92,0.11,1700,84.5
Guatemala,2013,8.17,7.83,7.67,7.83,7.67,7.83,10,10,10,7.5,0.11,260.128512,84.5
Kenya,2012,7.92,7.83,7.67,8,7.67,7.75,10,10,10,7.67,0.11,2000,84.5
Mexico,2012,8,7.92,7.42,8.08,7.5,7.67,10,10,10,7.92,0.12,1350,84.5
Mexico,2012,7.92,7.83,7.75,7.75,7.75,7.83,10,10,10,7.67,0.11,1500,84.5
Uganda,2016,7.92,7.75,7.67,7.75,7.83,7.75,10,10,10,7.83,0.11,1750,84.5
Brazil,2011,8,8,7.75,7.75,7.58,7.75,10,10,10,7.75,0.12,1300,84.58
Brazil,2011,8.5,8,7.5,7.75,7.5,7.83,10,10,10,7.5,0.11,1100,84.58
Colombia,2016,7.83,7.67,7.58,7.92,7.67,7.83,10,10,10,8.08,0,1500,84.58
Colombia,2013,7.67,7.67,7.58,7.75,7.58,8.5,10,10,10,7.83,0,1550,84.58
Colombia,2013,7.75,7.75,7.83,7.75,7.58,8,10,10,10,7.92,0,1750,84.58
Colombia,2012,7.67,7.83,7.83,8,7.58,7.92,10,10,10,7.75,0,1750,84.58
Colombia,2012,7.42,7.67,7.75,7.75,8.08,7.83,10,10,10,8.08,0.11,1800,84.58
Costa Rica,2012,7.75,7.83,7.75,8,7.83,7.67,10,10,10,7.75,0.12,1575,84.58
Guatemala,2014,7.75,7.83,7.67,7.92,7.75,7.83,10,10,10,7.83,0.11,399.483072,84.58
Guatemala,2014,8,7.92,7.67,7.58,7.58,7.67,10,10,10,8.17,0.09,12,84.58
Kenya,2013,7.83,7.83,7.83,7.75,7.58,7.83,10,10,10,7.92,0.1,1800,84.58
Colombia,2013,7.75,7.83,7.75,7.83,7.75,7.83,10,10,10,7.92,0,1550,84.67
Costa Rica,2015,8.08,7.75,7.67,7.83,7.5,7.92,10,10,10,7.92,0.1,1150,84.67
Costa Rica,2014,8.17,8,7.83,7.17,7.83,7.75,10,10,10,7.92,0.12,1750,84.67
Costa Rica,2014,7.67,7.58,7.75,7.75,7.67,8.58,10,10,10,7.67,0.08,1750,84.67
Costa Rica,2014,8,7.58,7.83,7.75,7.75,7.75,10,10,10,8,0.11,1200,84.67
El Salvador,2016,7.83,7.83,7.5,8,7.83,7.67,10,10,10,8,0,1350,84.67
Ethiopia,2014,8.08,7.83,7.75,7.83,7.58,7.67,10,10,10,7.92,0.1,1900,84.67
Ethiopia,2009,7.42,7.75,7.75,8,8,7.92,10,10,10,7.83,0.2,1750,84.67
Guatemala,2015,7.75,7.83,7.58,8,7.92,7.75,10,10,10,7.83,0.1,1600,84.67
Guatemala,2012,8,7.83,7.67,7.83,7.67,8,10,10,10,7.67,0.11,250.5,84.67
Guatemala,2012,7.67,7.83,7.67,8,7.67,7.83,10,10,10,8,0.12,399.483072,84.67
Indonesia,2016,7.92,7.83,7.75,7.75,7.75,7.75,10,10,10,7.92,0.12,1200,84.67
Kenya,2012,7.75,7.92,7.83,8,7.58,7.75,10,10,10,7.83,0.11,2000,84.67
Mexico,2012,7.83,7.58,7.67,7.92,7.92,7.83,10,10,10,7.92,0.13,1200,84.67
Taiwan,2013,8,7.92,7.75,7.75,7.75,7.75,10,10,10,7.75,0.11,1000,84.67
Uganda,2012,7.92,7.83,7.75,7.92,7.67,7.75,10,10,10,7.83,0.11,1775,84.67
El Salvador,2010,7.75,8,8,8.33,7.67,7.92,10,10,9.33,7.75,0.15,1200,84.75
Honduras,2014,7.83,7.75,8,7.67,7.67,7.67,10,10,10,8.17,0.11,1450,84.75
Kenya,2014,7.92,7.83,7.58,7.92,7.75,7.83,10,10,10,7.92,0.13,1800,84.75
Nicaragua,2009,7.83,7.58,7.58,7.83,7.75,7.67,10,10,10,8.5,0.18,925,84.75
Ethiopia,2009,7.75,7.92,7.83,7.92,7.75,7.67,10,10,10,8,0.1,1750,84.83
Ethiopia,2009,7.42,7.92,7.92,8,7.83,7.83,10,10,10,7.92,0.1,1750,84.83
Taiwan,2016,7.92,7.58,7.83,7.83,7.83,7.83,10,10,10,8,0,464.5152,84.83
Uganda,2013,7.75,7.92,7.67,7.67,8.25,7.75,10,10,10,7.83,0.12,1650,84.83
Brazil,2011,8,7.92,7.75,7.75,8,7.75,10,10,10,7.75,0.11,1200,84.92
Brazil,2011,8,8,7.75,8,7.5,7.75,10,10,10,7.92,0.12,1000,84.92
Colombia,2015,7.92,7.83,7.75,7.83,7.75,8,10,10,10,7.83,0.12,1775,84.92
Colombia,2012,7.75,7.92,7.83,7.75,7.75,8,10,10,10,7.92,0.11,1775,84.92
Mexico,2012,7.75,8,7.75,7.83,7.5,7.92,10,10,10,8.17,0.11,1200,84.92
Taiwan,2015,7.67,7.83,8,7.58,8,7.92,10,10,10,7.92,0.11,800,84.92
Tanzania (United Republic Of),2014,8,7.83,7.83,7.92,7.75,7.75,10,10,10,7.83,0.12,1620,84.92
Brazil,2012,8,8,7.83,7.83,7.67,7.67,10,10,10,8,0.12,1100,85
Costa Rica,2016,7.83,8,7.58,7.92,7.92,7.83,10,10,10,7.92,0.12,1900,85
Guatemala,2009,7.83,8.08,7.67,8,7.75,7.67,10,10,10,8,0.04,371.61216,85
Kenya,2015,8.17,7.83,7.92,7.75,7.67,7.83,10,10,10,7.83,0.11,399.483072,85
Kenya,2012,7.75,7.83,7.75,8.08,8,7.75,10,10,10,7.83,0,1580,85
Mexico,2015,7.83,8,7.83,7.75,7.67,7.83,10,10,10,8.08,0.09,1300,85
Mexico,2010,7.92,8.17,7.75,8.08,7.42,7.83,10,10,10,7.83,0,1400,85
Uganda,2016,8.17,7.92,7.75,7.75,7.67,7.75,10,10,10,8,0.11,1800,85
Colombia,2015,8.17,7.83,7.58,8.08,8,7.75,10,10,10,7.67,0,2560,85.08
Colombia,2012,7.83,8,7.75,7.75,7.83,7.83,10,10,10,8.08,0.11,2136,85.08
Ethiopia,2014,8.42,8,7.42,8,7.92,7.92,9.33,10,10,8.08,0.1,1700,85.08
Guatemala,2012,8.25,8,7.67,7.92,7.75,7.67,10,10,10,7.92,0,1400,85.17
Indonesia,2012,7.75,7.83,7.67,8,8.08,7.83,10,10,10,8,0.11,1325,85.17
Colombia,2015,8.17,7.92,7.83,8,7.58,7.83,10,10,10,7.92,0.11,1550,85.25
Colombia,2014,7.58,8.08,7.92,7.83,8,7.92,10,10,10,7.92,0.12,1550,85.25
China,2015,8,8,8,7.83,7.83,7.75,10,10,10,7.92,0.1,1700,85.33
Costa Rica,2014,7.92,8.08,8,7.92,8,8.08,10,10,9.33,8,0,1300,85.33
Costa Rica,2014,8,7.58,7.58,7.67,8.08,8.5,10,10,10,7.92,0.1,1300,85.33
Guatemala,2014,7.83,7.75,7.83,7.67,7.83,8.58,10,10,10,7.83,0.11,1770,85.33
Kenya,2012,7.83,8.08,7.75,8.08,7.92,7.75,10,10,10,7.92,0,1600,85.33
Kenya,2012,8,7.92,7.92,8.08,7.83,7.75,10,10,10,7.83,0,1200,85.33
Brazil,2011,8,8,8,7.67,7.75,8,10,10,10,8,0.11,1250,85.42
El Salvador,2009,8.08,7.83,7.83,8.08,7.83,7.83,10,10,10,7.92,0.01,1400,85.42
Ethiopia,2015,7.75,7.83,7.83,8.17,7.92,7.83,10,10,10,8.08,0.1,1900,85.42
Uganda,2013,8.08,8,7.83,7.67,8,7.83,10,10,10,8,0.12,1950,85.42
Ethiopia,2015,7.83,8,7.83,7.92,7.83,8.08,10,10,10,8,0.12,1900,85.5
Guatemala,2013,8,7.83,7.67,8.33,7.83,8,10,10,10,7.83,0.11,399.483072,85.5
Kenya,2014,7.92,7.92,7.83,8.08,7.83,7.92,10,10,10,8,0.1,1900,85.5
Panama,2014,8,7.75,7.83,7.83,7.67,8.58,10,10,10,7.83,0.09,1680,85.5
Uganda,2013,8.33,7.92,7.67,7.92,7.67,7.92,10,10,10,8.08,0.12,1600,85.5
El Salvador,2013,7.92,8.17,8,7.92,7.75,7.83,10,10,10,8,0.1,1500,85.58
El Salvador,2012,7.83,8,8,7.75,7.92,8.17,10,10,10,7.92,0.11,1350,85.58
Papua New Guinea,2012,8.33,8.42,7.83,8.33,8,8.25,9.33,9.33,10,7.92,0.12,1700,85.75
Ethiopia,2014,7.83,8.08,7.92,8.08,8,7.92,10,10,10,8,0.1,1900,85.83
Guatemala,2012,7.83,8,8,8.17,7.83,8,10,10,10,8,0.12,399.483072,85.83
Guatemala,2012,8,8,7.83,8.33,7.83,7.83,10,10,10,8,0.1,371.61216,85.83
Panama,2017,8,8,7.92,8.08,7.83,8,10,10,10,8,0.08,1600,85.83
Colombia,2013,8,8,8,8.17,7.83,8,10,10,10,7.92,0,1800,85.92
Uganda,2013,8.17,8.17,7.92,8.08,7.83,7.75,10,10,10,8,0.12,1650,85.92
Colombia,2013,7.75,7.92,7.83,8.08,8.08,8.17,10,10,10,8.17,0.12,1200,86
Ethiopia,2009,7.75,8.08,8,8.25,8,8,10,10,10,7.92,0.01,1750,86
Kenya,2013,7.92,8.17,7.83,8.5,7.5,7.92,10,10,10,8.17,0.11,1860,86
Uganda,2012,8.25,8,7.83,8.08,8,7.92,10,10,10,7.92,0.1,1650,86
United States (Hawaii),2009,8.33,8.17,7.75,8,7.75,7.83,10,10,10,8.17,0,1,86
Brazil,2011,8.33,8,8,8,7.75,8,10,10,10,8,0.11,1250,86.08
Kenya,2014,8.08,8.08,8,8,7.83,8.08,10,10,10,8,0.11,1754,86.08
Taiwan,2015,8.08,8.17,7.75,8.08,7.75,7.83,10,10,10,8.42,0.12,1000,86.08
Brazil,2010,8.17,7.92,7.92,7.75,8.33,8,10,10,10,8.08,0.08,418.06368,86.17
Brazil,2010,8.42,7.92,8,7.75,7.92,8,10,10,10,8.17,0.01,421.7798016,86.17
Thailand,2012,7.83,8.33,7.83,8.25,7.58,7.92,10,10,10,8.42,0.1,1300,86.17
United States,2014,7.67,8.17,8,8,8.17,8.08,10,10,10,8.08,0,1941,86.17
Ethiopia,2014,8,8.08,7.92,8,8.08,8.08,10,10,10,8.08,0.1,1775,86.25
Kenya,2013,8.08,8,8,8.25,7.92,7.92,10,10,10,8.08,0.12,1800,86.25
Costa Rica,2015,8.17,7.83,8,8.08,7.83,8,10,10,10,8.42,0,1300,86.33
Brazil,2011,8.5,8.17,8,7.75,8,8,10,10,10,8,0.12,1300,86.42
Taiwan,2015,8,8,8,8.25,8,8.17,10,10,10,8.17,0,1200,86.58
Honduras,2016,8.17,8.08,8.08,8,8.08,8,10,10,10,8.25,0.1,1400,86.67
Uganda,2013,8.42,8.17,8.17,8.17,7.83,7.92,10,10,10,8.17,0.12,1950,86.83
Brazil,2011,8.5,8.5,8,8,8,8,10,10,10,7.92,0.12,1250,86.92
United States,2014,8.25,8.33,8.17,8.17,7.83,8.17,10,10,10,8.17,0,2112,87.08
Costa Rica,2014,8.08,8.25,8,8.17,8,8.33,10,10,10,8.33,0.11,1300,87.17
Mexico,2012,8.17,8.25,8.17,8,7.83,8.17,10,10,10,8.58,0.13,1320,87.17
China,2015,8.42,8.25,8.08,8.17,7.92,8,10,10,10,8.42,0.1,1450,87.25
Ethiopia,2014,8.17,8.17,8,8.17,8.08,8.33,10,10,10,8.33,0,1850,87.25
United States,2014,8,8.25,8.08,8.5,8.25,8,10,10,10,8.17,0,2019,87.25
United States,2014,8,8.5,8.58,8.17,8.17,8,10,10,10,8.17,0,2080,87.58
Ethiopia,2010,8.25,8.33,8.5,8.25,8.58,8.75,9.33,10,9.33,8.5,0.05,1635,87.83
United States,2014,8.25,8.42,8.17,8.33,8.08,8.17,10,10,10,8.5,0,1872,87.92
United States,2014,8.08,8.67,8.33,8.42,8,8.08,10,10,10,8.33,0,1943,87.92
United States (Hawaii),2009,8.33,8.42,8.08,8.25,8.25,8,10,10,10,8.58,0,1,87.92
Ethiopia,2014,8.17,8.67,8.25,8.5,7.75,8.17,10,10,10,8.58,0.1,1905,88.08
Ethiopia,2014,8.08,8.58,8.5,8.5,7.67,8.42,10,10,10,8.5,0.1,1822.5,88.25
Ethiopia,2010,8.67,8.67,8.58,8.42,8.33,8.42,9.33,10,9.33,8.67,0.03,1635,88.42
Ethiopia,2010,8.25,8.33,8.5,8.42,8.33,8.5,10,10,9.33,9,0.03,1635,88.67
Ethiopia,2014,8.25,8.5,8.25,8.5,8.42,8.33,10,10,10,8.58,0.12,2075,88.83
Ethiopia,2014,8.17,8.58,8.42,8.42,8.5,8.25,10,10,10,8.67,0.11,2000,89
Ethiopia,2014,8.75,8.67,8.5,8.58,8.42,8.42,10,10,10,8.58,0.12,2075,89.92
Ethiopia,2014,8.67,8.83,8.67,8.75,8.5,8.42,10,10,10,8.75,0.12,2075,90.58
